Штрихкод;Наименование;Ячейка
1000004234912;AUX кабель (18-006) для а/м FORD C-Max FiestaFocus?FusionGalaxyMondeoTourneoTransit;П012
1000003289005;LCD дисплей для брелка Centurion Twist Tango версия 2 (на шлейфе);Д056
1000003289906;LCD дисплей для брелка Tomahawk TW9010 широкая антенна (на шлейфе);Д070
1000003289869;LCD дисплей для брелка автосигнализации Alligator D1100 RSG (на шлейфе);Д072
1000003289890;LCD дисплей для брелка автосигнализации Alligator TD350 на шлейфе;Д074
1000003290056;LCD дисплей для брелка автосигнализации Bruin 950/970/1000 (на шлейфе);Д075
1000003283591;LCD дисплей для брелка автосигнализации Cenmax ST 5A/V 5A (на ножках);Д035
1000003288824;LCD дисплей для брелка автосигнализации Cenmax ST5/5A (на шлейфе);Д054
1000003288879;LCD дисплей для брелка автосигнализации Cenmax ST7/7A на шлейфе;Д055
1000003283843;LCD дисплей для брелка автосигнализации Cenmax ST8A (на ножках);Д039
1000003283867;LCD дисплей для брелка автосигнализации Cenmax V10D (на ножках);Д040
1000003290414;LCD дисплей для брелка автосигнализации Jaguar XJ777 / CM30G  (на шлейфе );Д078
1000003289791;LCD дисплей для брелка автосигнализации Leopard 70/10 90/10 (на шлейфе);Д059
1000003283270;LCD дисплей для брелка автосигнализации Pandora 3000 / DXL073 (на ножках);Д009
1000003290100;LCD дисплей для брелка автосигнализации Pandora D010 (DX90) на шлейфе;Д061
1000003283478;LCD дисплей для брелка автосигнализации Pandora D463 / D465 / D469 / DXL501  (на ножках);Д010
1000003283485;LCD дисплей для брелка автосигнализации Pandora DXL078 / DX50  (на ножках);Д011
1000003283508;LCD дисплей для брелка автосигнализации Pandora DXL5000 / D500 (на ножках);Д012
1000003290148;LCD дисплей для брелка автосигнализации Pandora DXL670/D020 (на шлейфе );Д063
1000003283546;LCD дисплей для брелка автосигнализации Pandora DXL700 (на ножках);Д013
1000003283553;LCD дисплей для брелка автосигнализации Pandora DXL705 (на ножках);Д014
1000003289142;LCD дисплей для брелка автосигнализации Pantera SLK600/625 /675 на шлейфе;Д076
1000003289159;LCD дисплей для брелка автосигнализации Pantera SLR 5625 (на шлейфе);Д077
1000003290292;LCD дисплей для брелка автосигнализации Scher-khan 7 (на шлейфе );Д066
1000003281924;LCD дисплей для брелка автосигнализации Scher-khan Logicar 3/4 (на ножках);Д016
1000017648324;LCD дисплей для брелка автосигнализации Scher-khan Mobicar 1/2 на шлейфе;Д064
1000003290254;LCD дисплей для брелка автосигнализации Sheriff ZX 1055/1060 (на шлейфе );Д067
1000003288428;LCD дисплей для брелка автосигнализации Starline A62 на шлейфе;Д045
1000003288626;LCD дисплей для брелка автосигнализации Starline B6 на шлейфе;Д049
1000003288756;LCD дисплей для брелка автосигнализации Starline D94 на шлейфе;Д057
1000003290230;LCD дисплей для брелка автосигнализации Tomahawk X5 (на шлейфе);Д068
1000003283881;LCD дисплей для брелка автосигнализации на Starline A4 (на шлейфе );Д042
1000003283959;LCD дисплей для брелка автосигнализации на Starline A61 (на шлейфе 2шт);Д044
1000003280361;LCD дисплей для брелка автосигнализации на Starline A9 (на ножках);Д003
1000003280552;LCD дисплей для брелка автосигнализации на Starline A92 / A94 (на ножках);Д005
1000003280477;LCD дисплей для брелка автосигнализации на Starline B6 (на ножках);Д006
1000003288640;LCD дисплей для брелка автосигнализации на Starline B62 E60 на шлейфе;Д050
1000003280576;LCD дисплей для брелка автосигнализации на Starline B92 Е90 (на ножках);Д008
1000003288817;LCD дисплей для брелка автосигнализации на Starline C4 на шлейфе;Д053
1000003289821;LCD дисплей для брелка сигнализации Alligator 800/825/850/875 (на шлейфе);Д073
1000003280347;LCD дисплей для брелка сигнализации на StarLine A6 (на ножках);Д001
1000015270091;LCD дисплей для брелка сигнализации на Starline A93 (вертикальный дисплей на ножках);Д032
1000003288688;LCD дисплей для брелка сигнализации на Starline B92E90A93 горизонтальный (на шлейфе 2шт);Д052
1000003288749;LCD дисплей для брелка сигнализации на Starline E93 E90 A93 вертикальный на шлейфе 2шт;Д058
1000003283706;LCD дисплей для брелока автосигнализации  Cenmax ST-7A/V-7A (на ножках);Д037
1000003283812;LCD дисплей для брелока автосигнализации  Cenmax V-8A (на ножках);Д041
1000003290018;LCD дисплей для брелока автосигнализации  Tomahawk TW 9010 узкая антенна (на шлейфе );Д069
1000003289913;LCD дисплей для брелока автосигнализации  Tomahawk TW9030 широкая антенна (на шлейфе );Д071
1000003282044;LCD дисплей для брелока автосигнализации Scher-khan Magicar 3 4 (на ножках);Д017
1000003282129;LCD дисплей для брелока автосигнализации Scher-khan Magicar 5 (на ножках);Д018
1000003282136;LCD дисплей для брелока автосигнализации Scher-khan Magicar 7 (на ножках);Д019
1000003282020;LCD дисплей для брелока автосигнализации Scher-khan Magicar A/В (на ножках);Д020
1000003282228;LCD дисплей для брелока автосигнализации Sheriff ZX 1055 /1060 (на ножках);Д021
1000003282242;LCD дисплей для брелока автосигнализации Sheriff ZX 1090 (на ножках);Д022
1000003282235;LCD дисплей для брелока автосигнализации Sheriff ZX 940 (на ножках);Д023
1000003281849;LCD дисплей для брелока автосигнализации Stalker Lan3 (на ножках);Д034
1000003280514;LCD дисплей для брелока автосигнализации Starline A61 (на ножках);Д002
1000003288527;LCD дисплей для брелока автосигнализации Starline A9 A8 Jaguar Tez B на шлейфе 2шт;Д046
1000003280712;LCD дисплей для брелока автосигнализации Tomahawk D900 (на ножках);Д024
1000003281511;LCD дисплей для брелока автосигнализации Tomahawk TW9010 узкая антенна (на ножках);Д027
1000003280729;LCD дисплей для брелока автосигнализации Tomahawk TW9010 широкая антенна (на ножках);Д028
1000003281528;LCD дисплей для брелока автосигнализации Tomahawk TW9030 (на ножках);Д029
1000003281641;LCD дисплей для брелока автосигнализации Tomahawk TZ 9030 (на ножках);Д031
1000003281634;LCD дисплей для брелока автосигнализации Tomahawk TZ-9010 /9.5/9.9 (на ножках);Д030
1000003281535;LCD дисплей для брелока автосигнализации Tomahawk X5 (на ножках);Д025
1000003281658;LCD дисплей для брелока автосигнализации Tomahawk Z5 (на ножках);Д026
1000003283911;LCD дисплей для брелока автосигнализации на Starline A6 на шлейфе;Д043
1000003288619;LCD дисплей для брелока автосигнализации подходит на Starline A91 (на шлейфе 2шт в ком-т);Д047
1000003280521;LCD дисплей для брелока автосигнализации подходит на Starline A91 на ножках;Д004
1000003288435;LCD дисплей для брелока автосигнализации подходит на Starline A92 A94  (на шлейфе 2шт);Д048
1000003280507;LCD дисплей для брелока автосигнализации подходит на Starline B9 (на ножках);Д007
1000003288633;LCD дисплей для брелока автосигнализации подходит на Starline B9 C9 (на шлейфе 2шт);Д051
1000003415718;Автомобильное зарядное устройство с Mini USB для видеорегистратора 2А 3 метра;АК047
1000003414247;Автомобильное защита сиденья ПВХ (прозрачная без карманов);АК012
1000003412991;Автомобильное крепление на лобовое стекло для видеорегистраторов на Резьбе;АК021
1000003413486;Автомобильное крепление на лобовое стекло на 4 зубца;АК019
1000026505588;Антенный переходник (CARAV 13-009) AudiSkodaVolkswagenMercedes BMW DaciaOpelRenault;П560
1000029066598;Антенный переходник (CARAV 13-019) AudiSkodaVWMercedesBMWKIAOpelPeugeotRenault;П567
1000004234950;Антенный переходник универсальный (13-006) ISO(f) - DIN(m);П002
1000004234936;Антенный переходник универсальный (13-013) DIN(f) - ISO(m));П001
1000029072025;Антенный разъем штатной магнитолы (CARAV 13-104) Subaru 2005-2011 (select) GT13;П572
1000026604458;Антенный удлинитель (CARAV 13-201) 20 см / DIN(f) - DIN(m);П003
1000026604946;Антенный удлинитель (CARAV 13-203) 3.5 м / DIN(f) - DIN(m);П005
1000026604700;Антенный удлинитель CARAV 13-202 1 м DIN(f) - DIN(m);П004
1000067391898;Беспроводной автомобильный пылесос Carprime L0332;ПЛ01
1000067396411;Беспроводной автомобильный пылесос Carprime L0432;ПЛ02
1000067390655;Беспроводной автомобильный пылесос Carprime L2088;ПЛ03
1000067392208;Беспроводной автомобильный пылесос Carprime L2491;ПЛ04
1000067396794;Беспроводной автомобильный пылесос Carprime L2808;ПЛ05
1000003272793;Беспроводной передатчик для камеры заднего вида;КМ057
1000003405153;Брелок для автосигнализации Bruin BR 950 970 1000;Б092
1000003405481;Брелок для автосигнализации Cenmax Vigilant ST 5A;Б094
1000007797766;Брелок для автосигнализации Cenmax Vigilant ST7A;Б095
1000007797926;Брелок для автосигнализации Cenmax Vigilant ST8A;Б096
1000003405412;Брелок для автосигнализации Leopard 70/10 90/10;Б101
1000003372271;Брелок для автосигнализации Pandora 3000 i-mod (D073);Б102
1000060070301;Брелок для автосигнализации Pantera SKL600/625/675 и Alligator S800/825/875;Б064
1000011693566;Брелок для автосигнализации Scher-Khan Logicar 1/2;Б118
1000003403715;Брелок для автосигнализации Scher-Khan Logicar 3 4;Б119
1000057400234;Брелок для автосигнализации Scher-Khan Logicar А;Б058
1000003372592;Брелок для автосигнализации Scher-Khan Magicar 3/4;Б114
1000003403586;Брелок для автосигнализации Scher-Khan Magicar 5 6;Б115
1000003403685;Брелок для автосигнализации Scher-Khan Magicar 7 8 9 PRO2;Б001
1000003403630;Брелок для автосигнализации Scher-Khan Magicar 7 Magic code;Б116
1000078364188;Брелок для автосигнализации Scher-Khan Magicar 7, 8, 9 PRO;Б173
1000003372295;Брелок для автосигнализации Scher-Khan Magicar A Magicar В;Б121
1000003372486;Брелок для автосигнализации Scher-Khan Magicar IV;Б113
1000057402016;Брелок для автосигнализации Scher-Khan Mobicar 1/2/3/А/В;Б057
1000003404231;Брелок для автосигнализации Sheriff ZX 940;Б108
1000003404071;Брелок для автосигнализации Sheriff ZX1055;Б109
1000003404163;Брелок для автосигнализации Sheriff ZX1090;Б112
1000003403852;Брелок для автосигнализации Tomahawk  X3 X5;Б132
1000003404033;Брелок для автосигнализации Tomahawk 9.5 / 9.9;Б124
1000003403975;Брелок для автосигнализации Tomahawk TW 9010 узкая антенна;Б127
1000003404026;Брелок для автосигнализации Tomahawk TW 9030 TW 9020;Б129
1000003403968;Брелок для автосигнализации Tomahawk TW9010 широкая антена;Б128
1000003403951;Брелок для автосигнализации Tomahawk TZ 9010;Б130
1000003403944;Брелок для автосигнализации Tomahawk TZ9030 TZ9020;Б131
1000003403913;Брелок для автосигнализации Tomahawk Z3 Z5;Б133
1000018579238;Брелок для ключа кожаный плетёный с логотипом;БК001
1000018579245;Брелок для ключа кожаный плетёный с логотипом;БК002
1000018579252;Брелок для ключа кожаный плетёный с логотипом;БК003
1000018579269;Брелок для ключа кожаный плетёный с логотипом;БК004
1000018579276;Брелок для ключа кожаный плетёный с логотипом;БК005
1000018579283;Брелок для ключа кожаный плетёный с логотипом;БК006
1000018579290;Брелок для ключа кожаный плетёный с логотипом;БК007
1000018579306;Брелок для ключа кожаный плетёный с логотипом;БК008
1000018579313;Брелок для ключа кожаный плетёный с логотипом;БК009
1000018579320;Брелок для ключа кожаный плетёный с логотипом;БК010
1000018579344;Брелок для ключа кожаный плетёный с логотипом;БК012
1000018579351;Брелок для ключа кожаный плетёный с логотипом;БК013
1000018579368;Брелок для ключа кожаный плетёный с логотипом;БК014
1000018579375;Брелок для ключа кожаный плетёный с логотипом;БК015
1000018579382;Брелок для ключа кожаный плетёный с логотипом;БК016
1000018579399;Брелок для ключа кожаный плетёный с логотипом;БК017
1000018579405;Брелок для ключа кожаный плетёный с логотипом;БК018
1000018579412;Брелок для ключа кожаный плетёный с логотипом;БК019
1000018579429;Брелок для ключа кожаный плетёный с логотипом;БК020
1000018579436;Брелок для ключа кожаный плетёный с логотипом;БК021
1000018579443;Брелок для ключа кожаный плетёный с логотипом;БК022
1000018579450;Брелок для ключа кожаный плетёный с логотипом;БК023
1000018579467;Брелок для ключа кожаный плетёный с логотипом;БК024
1000075132728;Брелок для ключа кожаный плетёный с логотипом;БК123
1000075132766;Брелок для ключа кожаный плетёный с логотипом;БК124
1000075132773;Брелок для ключа кожаный плетёный с логотипом;БК125
1000075132780;Брелок для ключа кожаный плетёный с логотипом;БК122
1000018579337;Брелок для ключа кожаный плетёный с логотипом;БК011
1000011990962;Брелок для ключа кожаный ремешок с логотипом;БК033
1000011990979;Брелок для ключа кожаный ремешок с логотипом;БК045
1000011990986;Брелок для ключа кожаный ремешок с логотипом;БК032
1000011990993;Брелок для ключа кожаный ремешок с логотипом;БК042
1000011991006;Брелок для ключа кожаный ремешок с логотипом;БК048
1000011991013;Брелок для ключа кожаный ремешок с логотипом;БК052
1000013433863;Брелок для ключа кожаный ремешок с логотипом;БК025
1000013433870;Брелок для ключа кожаный ремешок с логотипом;БК026
1000013433887;Брелок для ключа кожаный ремешок с логотипом;БК027
1000013433900;Брелок для ключа кожаный ремешок с логотипом;БК029
1000013433917;Брелок для ключа кожаный ремешок с логотипом;БК031
1000013433924;Брелок для ключа кожаный ремешок с логотипом;БК034
1000013433931;Брелок для ключа кожаный ремешок с логотипом;БК035
1000013433948;Брелок для ключа кожаный ремешок с логотипом;БК036
1000013433955;Брелок для ключа кожаный ремешок с логотипом;БК037
1000013433962;Брелок для ключа кожаный ремешок с логотипом;БК038
1000013433979;Брелок для ключа кожаный ремешок с логотипом;БК039
1000013433986;Брелок для ключа кожаный ремешок с логотипом;БК040
1000013433993;Брелок для ключа кожаный ремешок с логотипом;БК041
1000013434006;Брелок для ключа кожаный ремешок с логотипом;БК043
1000013434013;Брелок для ключа кожаный ремешок с логотипом;БК044
1000013434020;Брелок для ключа кожаный ремешок с логотипом;БК046
1000013434037;Брелок для ключа кожаный ремешок с логотипом;БК047
1000013434044;Брелок для ключа кожаный ремешок с логотипом;БК049
1000013434051;Брелок для ключа кожаный ремешок с логотипом;БК050
1000013434068;Брелок для ключа кожаный ремешок с логотипом;БК051
1000013434075;Брелок для ключа кожаный ремешок с логотипом;БК053
1000013434082;Брелок для ключа кожаный ремешок с логотипом;БК054
1000013434099;Брелок для ключа кожаный ремешок с логотипом;БК055
1000058791089;Брелок для ключа кожаный ремешок с логотипом;БК119
1000011994687;Брелок для ключа кожаный трёхслойный с логотипом;БК086
1000011994694;Брелок для ключа кожаный трёхслойный с логотипом;БК085
1000011994700;Брелок для ключа кожаный трёхслойный с логотипом;БК084
1000011994717;Брелок для ключа кожаный трёхслойный с логотипом;БК083
1000011994724;Брелок для ключа кожаный трёхслойный с логотипом;БК082
1000011994731;Брелок для ключа кожаный трёхслойный с логотипом;БК081
1000011994748;Брелок для ключа кожаный трёхслойный с логотипом;БК080
1000011994755;Брелок для ключа кожаный трёхслойный с логотипом;БК079
1000011994762;Брелок для ключа кожаный трёхслойный с логотипом;БК078
1000011994779;Брелок для ключа кожаный трёхслойный с логотипом;БК077
1000011994786;Брелок для ключа кожаный трёхслойный с логотипом;БК076
1000011994793;Брелок для ключа кожаный трёхслойный с логотипом;БК075
1000011994809;Брелок для ключа кожаный трёхслойный с логотипом;БК074
1000011994816;Брелок для ключа кожаный трёхслойный с логотипом;БК073
1000011994823;Брелок для ключа кожаный трёхслойный с логотипом;БК072
1000011994830;Брелок для ключа кожаный трёхслойный с логотипом;БК071
1000011994847;Брелок для ключа кожаный трёхслойный с логотипом;БК070
1000011994854;Брелок для ключа кожаный трёхслойный с логотипом;БК069
1000011994861;Брелок для ключа кожаный трёхслойный с логотипом;БК068
1000011994878;Брелок для ключа кожаный трёхслойный с логотипом;БК067
1000011994885;Брелок для ключа кожаный трёхслойный с логотипом;БК066
1000011994892;Брелок для ключа кожаный трёхслойный с логотипом;БК065
1000011994908;Брелок для ключа кожаный трёхслойный с логотипом;БК064
1000011994915;Брелок для ключа кожаный трёхслойный с логотипом;БК063
1000011994922;Брелок для ключа кожаный трёхслойный с логотипом;БК062
1000011994939;Брелок для ключа кожаный трёхслойный с логотипом;БК061
1000011994946;Брелок для ключа кожаный трёхслойный с логотипом;БК060
1000011994960;Брелок для ключа кожаный трёхслойный с логотипом;БК058
1000011994977;Брелок для ключа кожаный трёхслойный с логотипом;БК057
1000011994984;Брелок для ключа кожаный трёхслойный с логотипом;БК056
1000058791164;Брелок для ключа кожаный трёхслойный с логотипом;БК120
1000078364331;Брелок для ключа кожаный, плетёный, с логотипом;БК129
1000003414216;Брелок для ключа марка автомобиля металический;БК093
1000003414193;Брелок для ключа марка автомобиля металический;БК087
1000078365437;Брелок для ключа марка автомобиля металический;БК127
1000003414117;Брелок для ключа марка автомобиля металический;БК097
1000003413929;Брелок для ключа марка автомобиля металический;БК116
1000003414018;Брелок для ключа марка автомобиля металический;БК107
1000003414124;Брелок для ключа марка автомобиля металический;БК096
1000003414131;Брелок для ключа марка автомобиля металический;БК095
1000003414148;Брелок для ключа марка автомобиля металический;БК094
1000003413943;Брелок для ключа марка автомобиля металический;БК114
1000003414025;Брелок для ключа марка автомобиля металический;БК106
1000003414063;Брелок для ключа марка автомобиля металический;БК102
1000003414179;Брелок для ключа марка автомобиля металический;БК088
1000003414186;Брелок для ключа марка автомобиля металический;БК089
1000003413936;Брелок для ключа марка автомобиля металический;БК115
1000003413912;Брелок для ключа марка автомобиля металический;БК117
1000003413950;Брелок для ключа марка автомобиля металический;БК113
1000003413967;Брелок для ключа марка автомобиля металический;БК112
1000003413974;Брелок для ключа марка автомобиля металический;БК111
1000003413981;Брелок для ключа марка автомобиля металический;БК110
1000003413998;Брелок для ключа марка автомобиля металический;БК109
1000003414001;Брелок для ключа марка автомобиля металический;БК108
1000003414032;Брелок для ключа марка автомобиля металический;БК105
1000003414049;Брелок для ключа марка автомобиля металический;БК104
1000003414056;Брелок для ключа марка автомобиля металический;БК103
1000003414070;Брелок для ключа марка автомобиля металический;БК101
1000003414087;Брелок для ключа марка автомобиля металический;БК100
1000003414094;Брелок для ключа марка автомобиля металический;БК099
1000003414100;Брелок для ключа марка автомобиля металический;БК098
1000003414155;Брелок для ключа марка автомобиля металический;БК091
1000003414162;Брелок для ключа марка автомобиля металический;БК090
1000078365413;Брелок для ключа марка автомобиля металический;БК128
1000078365420;Брелок для ключа марка автомобиля металический;БК126
1000006522727;Датчик парктроника с разъемом (разные цвета) 22мм;КМ004
1000003272632;Датчик парктроника с разъемом (разные цвета) 22мм;КМ012
1000003272595;Датчик парктроника с разъемом (разные цвета) 22мм;КМ002
1000003272601;Датчик парктроника с разъемом (разные цвета) 22мм;КМ006
1000003272618;Датчик парктроника с разъемом (разные цвета) 22мм;КМ008
1000003272625;Датчик парктроника с разъемом (разные цвета) 22мм;КМ010
1000003272649;Датчик парктроника с разъемом (разные цвета) 22мм;КМ014
1000004153381;Датчик парктроника универсальный (разные цвета) 22мм;КМ013
1000004153374;Датчик парктроника универсальный (разные цвета) 22мм;КМ011
1000006522710;Датчик парктроника универсальный (разные цвета) 22мм;КМ003
1000004153336;Датчик парктроника универсальный (разные цвета) 22мм;КМ001
1000004153343;Датчик парктроника универсальный (разные цвета) 22мм;КМ005
1000004153350;Датчик парктроника универсальный (разные цвета) 22мм;КМ007
1000004153367;Датчик парктроника универсальный (разные цвета) 22мм;КМ009
1000004249190;Декоративная универсальная рамка для установки автомагнитолы 7 дюймов (11-440);П285
1000015269774;Дисплей для брелка сигнализации подходит на Starline A93 LCD горизонтальный на ножке;Д033
1000073352258;Зарядное устройство для аккумуляторов FOXSUR 20A 12V-20A / 24V-10A;ЗУ010
1000073353347;Зарядное устройство для аккумуляторов FOXSUR 25A 12V-25A / 24V-15A;ЗУ011
1000057944479;Зарядное устройство для аккумуляторов FOXSUR F-10A 12V-10A / 24V-5A;ЗУ001
1000057944813;Зарядное устройство для аккумуляторов FOXSUR F-12A 12V-12A / 24V-6A;ЗУ002
1000057944998;Зарядное устройство для аккумуляторов FOXSUR F-2A 6V / 12V-2A;ЗУ003
1000057958162;Зарядное устройство для аккумуляторов FOXSUR F-5A 12V-5A;ЗУ004
1000057958315;Зарядное устройство для аккумуляторов FOXSUR F-7A 12V-7A;ЗУ005
1000057958445;Зарядное устройство для аккумуляторов FOXSUR F-8A 12V-8A / 24V-4A;ЗУ006
1000003414506;Защита сиденья Оксфорд (черная без карманов);АК010
1000003414513;Защита сиденья Оксфорд черная (органайзер с карманами);АК009
1000003414254;Защита сиденья ПВХ (органайзер с карманами) прозрачная;АК011
1000003415121;Кабель AUX  3.5 мм (1м);АК045
1000033674154;Кабель AUX (CARAV 18-001) Mercedes-Benz 1996-2004;П007
1000033675694;Кабель AUX (CARAV 18-005) Volkswagen Skoda Audi Seat;П011
1000033674376;Кабель AUX CARAV 18-002 Mercedes-Benz 2004+;П008
1000033674840;Кабель AUX CARAV 18-003 Volkswagen 2005+ / Skoda Octavia 2005+ MFD2 / RNS2;П009
1000033675243;Кабель AUX CARAV 18-004 Opel 2004+ CD30 MP3 /CDC40 OPERA /CD70 NAVI /DVD 90100 NAVI;П010
1000033676233;Кабель AUX CARAV 18-007 Volkswagen Audi Skoda Seat Chevrolet Fiat;П013
1000033676493;Кабель AUX CARAV 18-008 Alfa Romeo Fiat Lancia Smart;П014
1000004235025;Кабель для ГУ (15-001) Alpine CDA- CDE- CDM- CVA- IDA- INA- TDA- TDE- TDM-series 16-pin;П016
1000003415145;Кабель питания для радар-детектора (прямой);АК049
1000003415169;Кабель питания для радар-детектора витой;АК048
1000075139116;Камера заднего вида 170 градусов в рамке номерного знака;КМ016
1000003255772;Камера заднего вида 4 pin;КМ021
1000003255765;Камера заднего вида 4 pin;КМ020
1000003255789;Камера заднего вида 4 pin;КМ022
1000003255796;Камера заднего вида 4 pin;КМ023
1000077949157;Камера заднего вида 4 PIN для видеорегистратора 1080p;КМ044
1000084285514;Камера заднего вида AHD 1080p в номерной рамке;КМ063
1000072236412;Камера заднего вида c монитором;0
1000072236429;Камера заднего вида c монитором;0
1000067388058;Камера заднего вида CarPrime 12LED;КМ034
1000003591429;Камера заднего вида Renault Koleos I(08-16)/InfinitiFX35(09-17)/QX56(10-18)№8111;Р084
1000003598817;Камера заднего вида Skoda Yeti (с запаской)/ Polo Hatch(09-17)/ Golf 6(08-13) №8198;Р091
1000003599005;Камера заднего вида Subaru XV (2013+) Разм.115мм*44мм №8185;0
1000003247173;Камера заднего вида в рамке номерного знака без подсветки;КМ043
1000003246862;Камера заднего вида в рамке номерного знака с инфрокрасными диодами;КМ015
1000003246848;Камера заднего вида в рамке номерного знака со световыми диодами серебристого цвета;КМ017
1000003246930;Камера заднего вида в рамке номерного знака со световыми диодами черная;КМ018
1000003246541;Камера заднего вида врезная (EP-SC);КМ024
1000017668773;Камера заднего вида врезная WI-FI;КМ025
1000003631248;Камера заднего вида для Audi A1/Q3/Passat/Tuareg/Polo/Tiguan/Jetta/Kodiaq/Octavia №8262;Р001
1000003475682;Камера заднего вида для Audi A6 C5/Skoda Yeti/Porsche Cayenne 955/957/VW Jetta MK4 №8067;Р003
1000003475675;Камера заднего вида для Audi TT 8J (07-14) №8027;Р006
1000003476498;Камера заднего вида для Berlingo/407/308/Note/Patrol/Primera/Lifan X60/X50/Solano №8017;Р007
1000003476283;Камера заднего вида для BMW X3  E46 / 5 E39E46 / X5 E70 / X6 E71 №8020;Р009
1000003613206;Камера заднего вида для Chery Tiggo 3 (05-18) №8006;Р010
1000003476375;Камера заднего вида для Chevrolet Aveo T250/Captiva/Lacetti №8021;Р011
1000003476412;Камера заднего вида для Chevrolet Aveo T300 / Orlando / Opel Mokka / Cruze Hatch №8168;Р012
1000003476429;Камера заднего вида для Chevrolet Cobalt/Ravon/Opel Vectra/Zafira B/Astra HJ/CorsaD №8039;Р013
1000003476511;Камера заднего вида для Citroen C4 Coupe(04-10) / Peugeot 301 (2012+) №8283;Р017
1000003476559;Камера заднего вида для Citroen C5 4D Sedan (10-17)/C4(04-10) №8091;Р018
1000003476900;Камера заднего вида для Ford Focus 3 Sedan/Hatchback (10-14)/Torneo №8176;Р022
1000003476658;Камера заднего вида для Ford Focus II Sedan (04-11) / C-Max (03-10)  №8169;Р023
1000003477112;Камера заднего вида для Ford Kuga II (2011+) №8408;Р024
1000003631279;Камера заднего вида для Ford Mondeo IV(07-13)/Ecosport/Kuga I/Fiesta/Galaxy II/S Max №8170;Р025
1000003477181;Камера заднего вида для Honda Accord 7/8 (02-12) №8010;Р029
1000003477198;Камера заднего вида для Honda CR-V III(07-11)/Jazz Fit(2009+) №8151;Р030
1000003477686;Камера заднего вида для Honda Fit / Jazz (01-08) №8072;Р031
1000003477600;Камера заднего вида для Honda Pilot (02-08) №8015;Р030
1000003487869;Камера заднего вида для Hyundai Creta (2014+) / Santa Fe II/III (06-18) №8263;Р032
1000003477709;Камера заднего вида для Hyundai Elantra 5MD(10-15) / Kia Ceed 2 Универсал(12-18) №8257;Р034
1000003504665;Камера заднего вида для Hyundai Elantra 7LF(14-19) / Veloster (11-18) Разм.96мм*36мм №8410;Р035
1000003487838;Камера заднего вида для Hyundai I40 (11-17) / Kia Optima III(10-15) разм.109мм*36мм №8123;Р036
1000003495789;Камера заднего вида для Hyundai Solaris I Hatch(11-16)/ Kia Rio 3 Hatch(11-17) №8155;Р038
1000003495833;Камера заднего вида для Hyundai Solaris I(11-17) / Kia Cerato 2TD(08-13) №8079;Р039
1000003495901;Камера заднего вида для Hyundai Solaris Sedan 2 поколение(2017 - по н.в.) №8354;Р040
1000003504634;Камера заднего вида для Hyundai Sonata 4(98-06) №8118;Р041
1000003504658;Камера заднего вида для Hyundai Sonata 6 (09-14) Разм.96мм*31мм №8302;Р042
1000003504825;Камера заднего вида для Kia Optima II (2015+) разм.58мм*45мм №8364;Р044
1000003602019;Камера заднего вида для Kia Picanto II / Rio 4 / Soul III (08-19) / i30 I(07-11)  №8071;Р045
1000003505266;Камера заднего вида для Kia Rio IIIII Sedan (05-17) разм.103мм*36мм №HS-8088;Р046
1000003505280;Камера заднего вида для Kia Sorento I BL(02-09) / Cerato I (04-10) №8221;Р047
1000003510024;Камера заднего вида для Kia Sorento II XM (2009+)  №8352;Р048
1000003510062;Камера заднего вида для Kia Sportage IV(2016+) / Tuscon III(2019+) №8422;Р050
1000003505372;Камера заднего вида для Kia SportageIII/SorentoII/Rio X-line/Hyundai I40/Tucson I №8233;Р049
1000003476092;Камера заднего вида для Lada Vesta / Audi Q5 8R (08-17) №8202;Р051
1000003538677;Камера заднего вида для Mazda 3 III (04-13) №8150;Р056
1000003538615;Камера заднего вида для Mazda 3 Sedan III (13-19) №8324;Р057
1000003538790;Камера заднего вида для Mazda 6 III (2013+) / Mazda 3 Hatchback III (2014+) №8323;Р059
1000003538684;Камера заднего вида для Mazda 6(07-13) №8046 YJ-8088;Р058
1000003538844;Камера заднего вида для Mazda CX-5 1 пок.(12-17) / Mazda 6 1 пок.(02-08) / CX-7 №8069;Р060
1000003539131;Камера заднего вида для Mercedes Benz C200 W204 / E200 W212 №8102;Р061
1000003539230;Камера заднего вида для Mercedes Benz GL (12-16)/W176/204/212/213/207 №8244;0
1000003539209;Камера заднего вида для Mercedes Benz GL(06-12)/W211(02-09) №8259;Р063
1000003539476;Камера заднего вида для Mercedes V-class W639 (04-13) /Sprinter  №8121;Р065
1000003539612;Камера заднего вида для Mercedes-Benz ML (05-11) / B180 №8206;Р067
1000003543558;Камера заднего вида для Mitsubishi ASX (10-18) №8223;Р068
1000003543886;Камера заднего вида для Mitsubishi Lancer 8 /9 / 10 / EX / EVO / LS №8054;Р069
1000003544029;Камера заднего вида для Mitsubishi Outlander II XL/ Peugeot 4007/ Citroen C-Crosser №8031;Р070
1000030706193;Камера заднего вида для Mitsubishi Outlander III (13-19) №HS-8436;Р071
1000003544821;Камера заднего вида для Mitsubishi Pajero Sport 3 2016+ / Grandis (03-11) № 8075 /8116;Р072
1000003544890;Камера заднего вида для Mitsubishi Pajero разм.100мм*35мм №8076;Р073
1000003545149;Камера заднего вида для Nissan Juke (10-18) / Qashqai (2014+) / X-Trail II(07-14) №8165;Р074
1000003545187;Камера заднего вида для Nissan Murano I(02-08)/Pathfinder III(06-14)/X-Trail III  №8311;Р075
1000003545385;Камера заднего вида для Nissan Tiida Hatchback (04-12) / Q60 (2013+) №8024;Р078
1000033680070;Камера заднего вида для Renault Duster (13-18) HS 8200;Р082
1000003591597;Камера заднего вида для Renault Duster/Megane III(08-16)FluenceScenic IIIKaptur №9207;Р083
1000003591658;Камера заднего вида для Renault Koleos II(2016+) №8416;Р085
1000003591665;Камера заднего вида для Renault loganI/II(2004+)/SanderoI/II(2012+)/Simbol II(12-16) №8281;Р086
1000003591719;Камера заднего вида для Renault Megane Hatchback II(02-12)/Clio III(05-12) №8255;Р088
1000003476887;Камера заднего вида для Skoda Octavia II (04-13) Ford Fiesta Hatchback (2002-2014) №8173;Р089
1000003598916;Камера заднего вида для Skoda Octavia II (04-13) №8057;Р089
1000003598831;Камера заднего вида для Skoda Yeti/Rapid/Octavia III(13-20)/Kodiaq/VW Golf Plus08-14 №8277;Р092
1000003598862;Камера заднего вида для Ssang Yong Kyron Разм.77мм*36мм №8228;Р095
1000003598886;Камера заднего вида для Ssang Yong Rexton №8248;Р093
1000003599050;Камера заднего вида для Suzuki SX4 (06-13) / Liana №8050;Р100
1000003599227;Камера заднего вида для Toyota Corolla E120(00-06) / BYD F3 / Lifan Solano I(08-16) №8022;Р104
1000003599401;Камера заднего вида для Toyota Corolla E160 (12-15) №8190;Р105
1000003599173;Камера заднего вида для Toyota Corolla E170/Camry/Auris I/Highlander III/Yaris/Vitz №8316;Р103
1000003599487;Камера заднего вида для Toyota Land Cruiser 200(2007+)/Lexus GX470/LX570 №HS-8002/YJ- 8055;Р108
1000003599579;Камера заднего вида для Toyota RAV4 XA40 (2013-2019) №8295;Р110
1000003599852;Камера заднего вида для Volkswagen Amarok / Polo Hatchback(01-09) №8008;Р111
1000003599845;Камера заднего вида для Volkswagen Golf 7 (12-20) / Passat CC B6/B7/B8 (08-16) №8288;Р112
1000003599708;Камера заднего вида для Volkswagen Jetta MK6 (2011-2018) №8226;Р114
1000003599920;Камера заднего вида для Volkswagen Tiguan 1 пок. (07-16) №8194;Р115
1000003600022;Камера заднего вида для Volvo XC60/XC90/S40/S60/S80/XC70/C70/V70 №8045;Р117
1000071601075;Камера заднего вида для автомобиля 1080p AHD 4pin;КМ059
1000003428428;Камера заднего вида для штатных рамок подсветки номерного знака с инфрокрасными диодами IR;КМ035
1000003613244;Камера заднего вида на Fiat Bravo (07-18)/ Punto (11-18)/ Doblo / Linea №8242;Р019
1000006693298;Камера заднего вида на Jeep Grand Cherokee (05-15)/Compass Patriot (11-15) №8218;Р043
1000003545309;Камера заднего вида на Nissan Sentra(07-18)/Teana/Tiida Sedan/Pathfinder №8338;Р077
1000013135125;Камера заднего вида на Skoda Rapid(16-19)/VW Polo(16-18)/Kodiaq(16-19)/Fabia(16-19)№LS8034;КМ027
1000003598794;Камера заднего вида на Skoda Superb B8 (2015+) №8267;0
1000003599340;Камера заднего вида на Toyota Camry XV40 (06-11) №8001 / YJ8159;Р102
1000003599364;Камера заднего вида на Toyota Fortuner (2015+) №8147;Р106
1000037517945;Камера заднего вида на VW Polo(09-15)/Skoda Rapid(12-17)/Yeti (09-13)/Fabia(08-15) №LS8012;КМ028
1000013135217;Камера заднего вида на VW TouaregQ5(10-18)Tiguan(11-16)Golf(08-14)Cayenne(10-17)№LS8002;КМ029
1000003246596;"Камера заднего вида навесная ""Бабочка"" (EP-165G)";КМ031
1000071601471;Камера заднего вида навесная 1080p AHD;КМ060
1000047735940;Камера заднего вида навесная 5 PIN штекер для видеорегистратора;КМ036
1000003246770;Камера заднего вида навесная с инфрокрасными диодами (ED-RQ);КМ037
1000003247289;Камера заднего вида поворотная на 360 градусов (+ переключается на передний вид);КМ030
1000074029630;Камера заднего вида регулируемая 1080p AHD 4pin;КМ061
1000072237587;Камера заднего вида с монитором в зеркале;0
1000030713207;Камера заднего вида с парктроником 2 в 1;КМ019
1000003247371;Камера заднего вида с углом обзора 170 градусов;КМ038
1000003254591;Камера заднего вида со световыми диодами (ED-SQ);КМ033
1000003428060;Камера заднего вида со световыми диодами с динамической разметкой;КМ032
1000003254966;Камера заднего вида универсальная (USL);КМ040
1000003272656;"Камера переднего вида автомобильная ""Бабочка""";КМ039
1000003545224;Камеры заднего вида для Nissan Navara (04-15) / X-Trail I(00-06) №8247;Р076
1000003601982;Камеры заднего вида для Subaru Forester(08-12)/Outback(08-14)/Impreza(09-11) №YJ-8081;Р096
1000003599029;Камеры заднего вида для Suzuki Swift V (10-16) №8313;Р099
1000003599104;Камеры заднего вида для Suzuki Vitara / Grand Vitara / SX4 (2014+) №8189;Р101
1000003591726;Камеры заднего вида для Volkswagen Golf IV (97-04) / Touran I/ Passat B6/Superb B6 №8013;Р113
1000013839559;Кнопка для брелока сигнализации (в наборе 3 штуки);К010
1000030701709;Кнопка резиновая для корпуса ключа зажигания Hyundai / Хундай и Kia / Киа 3 кнопки №1;К005
1000030703307;Кнопка резиновая для корпуса ключа зажигания Hyundai / Хундай и Kia / Киа 3 кнопки №2;К006
1000039569331;Кнопка резиновая для корпуса ключа зажигания Hyundai Kia 4 кнопки;К007
1000047982634;Кнопка резиновая для корпуса ключа зажигания Volkswagen 2 кнопки №4;К008
1000047982702;Кнопка резиновая для корпуса ключа зажигания Volkswagen 3 кнопки №5;К009
1000003369967;Кожаный чехол для выкидного ключа Audi A6L Q7 TT (524);Ч0510
1000016818308;Кожаный чехол для выкидного ключа Chery A1 A3 A4 Tiggo E5 (591);Ч0570
1000003370642;Кожаный чехол для выкидного ключа Chevrolet (557);Ч0542
1000016818186;Кожаный чехол для выкидного ключа Chevrolet (586);Ч0567
1000016818117;Кожаный чехол для выкидного ключа Chevrolet / Opel (585);Ч0566
1000003370598;Кожаный чехол для выкидного ключа Chevrolet Cruze (552);Ч0537
1000003370611;Кожаный чехол для выкидного ключа Ford 12 new Ford (554);Ч0539
1000003370550;Кожаный чехол для выкидного ключа Ford FocusFiesta Mondeo (548);Ч0533
1000003370512;Кожаный чехол для выкидного ключа Hyundai Elantra I30 IX30 (544);Ч0529
1000003369868;Кожаный чехол для выкидного ключа Hyundai IX35 (517);Ч0503
1000003370659;Кожаный чехол для выкидного ключа Hyundai Verna Accent (558);Ч0543
1000016819138;Кожаный чехол для выкидного ключа Kia (616);Ч0580
1000003370666;Кожаный чехол для выкидного ключа Kia K3 (559);Ч0544
1000003370369;Кожаный чехол для выкидного ключа Kia Sportage K2 K5 (528);Ч0514
1000003369660;Кожаный чехол для выкидного ключа Mazda M2M3M5M6M8 (504);Ч0492
1000016811415;Кожаный чехол для выкидного ключа Nissan (574);Ч0557
1000003370628;Кожаный чехол для выкидного ключа Opel Insignia Meriva Zafira (555);Ч0540
1000003370048;Кожаный чехол для выкидного ключа Peugeot 307 (527);Ч0513
1000003370581;Кожаный чехол для выкидного ключа Peugeot 408 (551);Ч0536
1000003370529;Кожаный чехол для выкидного ключа Skoda (545);Ч0530
1000003370574;Кожаный чехол для выкидного ключа Skoda Octavia Fabia Superb (550);Ч0535
1000003370499;Кожаный чехол для выкидного ключа Volkswagen (542);Ч0527
1000003370475;Кожаный чехол для выкидного ключа Volkswagen (Amarok Transporter) (540);Ч0525
1000017094787;Кожаный чехол для выкидного ключа красная нить Audi A6L Q7 TT №757;Ч0636
1000017097573;Кожаный чехол для выкидного ключа красная нить Chery A1A3A5TiggoE5EastarFengyun №768;Ч0647
1000017093957;Кожаный чехол для выкидного ключа красная нить Chevrolet Cruze/Opel InsigniaMeriva №751;Ч0631
1000017094053;Кожаный чехол для выкидного ключа красная нить Chevrolet №752;Ч0632
1000017092028;Кожаный чехол для выкидного ключа красная нить Citroen C4 C5 (Sedan) №744;Ч0624
1000017092066;Кожаный чехол для выкидного ключа красная нить Citroen №745;Ч0625
1000017092561;Кожаный чехол для выкидного ключа красная нить Ford 12 new Ford №748;Ч0628
1000017092400;Кожаный чехол для выкидного ключа красная нить Ford Focus Fiesta Mondeo №747;Ч0627
1000017097375;Кожаный чехол для выкидного ключа красная нить Great Wall H3 H5 №767;Ч0646
1000017086478;Кожаный чехол для выкидного ключа красная нить Hyundai IX35 №730;Ч0610
1000017085853;Кожаный чехол для выкидного ключа красная нить Hyundai Solaris NEW №727;Ч0607
1000017090239;Кожаный чехол для выкидного ключа красная нить Kia Cerato K3 №736;Ч0616
1000017090871;Кожаный чехол для выкидного ключа красная нить Kia Sportage Rio K2 Optima K5 №739;Ч0619
1000017259476;Кожаный чехол для выкидного ключа красная нить Land Rover №783;Ч0662
1000017096170;Кожаный чехол для выкидного ключа красная нить Mazda M2 /M3/M5/M6/M8 №762;Ч0641
1000017096286;Кожаный чехол для выкидного ключа красная нить Mazda M2M3M5M6M8 №763;Ч0642
1000016963589;Кожаный чехол для выкидного ключа красная нить Nissan №726;Ч0606
1000017094541;Кожаный чехол для выкидного ключа красная нить Opel Antara №755;Ч0634
1000017091502;Кожаный чехол для выкидного ключа красная нить Peugeot 307 №742;Ч0622
1000017271782;Кожаный чехол для выкидного ключа красная нить Renault №793;Ч0672
1000017095289;Кожаный чехол для выкидного ключа красная нить Skoda №759;Ч0638
1000017095142;Кожаный чехол для выкидного ключа красная нить Skoda Octavia Fabia Superb №758;Ч0637
1000016961714;Кожаный чехол для выкидного ключа красная нить Toyota №717;Ч0597
1000016962261;Кожаный чехол для выкидного ключа красная нить Volkswagen Amarok Transporter №720;Ч0600
1000016962506;Кожаный чехол для выкидного ключа красная нить Volkswagen №722;Ч0602
1000016962155;Кожаный чехол для выкидного ключа красная нить Volkswagen Passat Polo TiguanTouran №719;Ч0599
1000003370567;Кожаный чехол для смарт ключа BMW (549);Ч0534
1000003370420;Кожаный чехол для смарт ключа BMW 5 series X5 X1 3series old 5 series (534);Ч0520
1000003370390;Кожаный чехол для смарт ключа BMW new 7 Series new 5 series (531);Ч0517
1000003369592;Кожаный чехол для смарт ключа Hyundai IX35 New Sonata (501);Ч0489
1000003370543;Кожаный чехол для смарт ключа Hyundai NEW IX35 (547);Ч0532
1000016819121;Кожаный чехол для смарт ключа Kia (613);Ч0578
1000003369875;Кожаный чехол для смарт ключа Kia Cerato (518);Ч0504
1000003370383;Кожаный чехол для смарт ключа Kia K5 SorentoForteSportage (530);Ч0516
1000003370437;Кожаный чехол для смарт ключа Lexus (536);Ч0521
1000003369905;Кожаный чехол для смарт ключа Mazda (521);Ч0507
1000003369950;Кожаный чехол для смарт ключа Mazda (523);Ч0509
1000003369882;Кожаный чехол для смарт ключа Mercedes-Benz (519);Ч0505
1000016818810;Кожаный чехол для смарт ключа Mercedes-Benz (595);Ч0573
1000003370468;Кожаный чехол для смарт ключа Mercedes-Benz C200 GLK300 R350 (539);Ч0524
1000003369677;Кожаный чехол для смарт ключа Mitsubishi Lancer EX GALANT ASX Imported Mitsubishi (505);Ч0493
1000003369851;Кожаный чехол для смарт ключа Nissan Teana Livina Tiida Versa Qashqai New Sunny (516);Ч0502
1000017331011;Кожаный чехол для смарт ключа Renault (601);Ч0575
1000016819084;Кожаный чехол для смарт ключа Renault (605);Ч0576
1000016818353;Кожаный чехол для смарт ключа Suzuki SX4 Swift (592);Ч0571
1000003370482;Кожаный чехол для смарт ключа Toyota Camry 7 (541);Ч0526
1000003369714;Кожаный чехол для смарт ключа Toyota Camry smart Highlander Land CruiserCrown (510);Ч0496
1000003369721;Кожаный чехол для смарт ключа Toyota Reiz Rav4 (511);Ч0497
1000003369691;Кожаный чехол для смарт ключа Toyota smart 12Highlander Crown RAV4 (507);Ч0495
1000003370505;Кожаный чехол для смарт ключа Volkswagen New Touareg (543);Ч0528
1000017086270;Кожаный чехол для смарт ключа красная нить  Hyundai Smart IX45 New Santa Fe №729;Ч0609
1000017094695;Кожаный чехол для смарт ключа красная нить Audi A4L Q5 A8 C7 NEW A6L №756;Ч0635
1000017099874;Кожаный чехол для смарт ключа красная нить BMW 5 series X5 X1 3series old 5series №775;Ч0654
1000017254822;Кожаный чехол для смарт ключа красная нить BMW new 7 Series new 5 series №776;Ч0655
1000017254907;Кожаный чехол для смарт ключа красная нить BMW №777;Ч0656
1000076260499;Кожаный чехол для смарт ключа красная нить Chery Exeed Omoda №803;Ч0892
1000017092233;Кожаный чехол для смарт ключа красная нить Ford Mondeo №746;Ч0626
1000017093704;Кожаный чехол для смарт ключа красная нить Ford №750;Ч0630
1000076260642;Кожаный чехол для смарт ключа красная нить Geely Atlas Coolray Monjaro №804;Ч0893
1000076260796;Кожаный чехол для смарт ключа красная нить Haval Jolion H5 H6 F7 Dargo №805;Ч0894
1000016852838;Кожаный чехол для смарт ключа красная нить Honda Accord Fit CRV CivicOdysseyCity №702;Ч0582
1000016852791;Кожаный чехол для смарт ключа красная нить Honda Accord Fit CRV CivicSpiriorCity №701;Ч0581
1000017085976;Кожаный чехол для смарт ключа красная нить Hyundai IX35New Sonata №728;Ч0608
1000017088229;Кожаный чехол для смарт ключа красная нить Hyundai New IX35 №731;Ч0611
1000017272031;Кожаный чехол для смарт ключа красная нить Hyundai №794;Ч0673
1000017273564;Кожаный чехол для смарт ключа красная нить Hyundai №801;Ч0680
1000017089745;Кожаный чехол для смарт ключа красная нить Kia Cerato K3 №735;Ч0615
1000017090956;Кожаный чехол для смарт ключа красная нить Kia K3 №740;Ч0620
1000017273229;Кожаный чехол для смарт ключа красная нить Kia №799;Ч0678
1000017090758;Кожаный чехол для смарт ключа красная нить Kia Sportage Rio K2 Optima K5 №738;Ч0618
1000017269734;Кожаный чехол для смарт ключа красная нить Land Rover Evoque №785;Ч0664
1000017268157;Кожаный чехол для смарт ключа красная нить Land Rover Range Rover Sport №784;Ч0663
1000017258356;Кожаный чехол для смарт ключа красная нить Lexus 13 new ES300H 350 250 GS250 450 №781;Ч0660
1000017255577;Кожаный чехол для смарт ключа красная нить Lexus ES240ES350RX270RX350 №779;Ч0658
1000017255669;Кожаный чехол для смарт ключа красная нить Lexus ES240ES350RX270RX350 №780;Ч0659
1000017095975;Кожаный чехол для смарт ключа красная нить Mazda №761;Ч0640
1000017096538;Кожаный чехол для смарт ключа красная нить Mazda №764;Ч0643
1000017099379;Кожаный чехол для смарт ключа красная нить Mercedes-Benz c200 GLK300 R350 №772;Ч0651
1000017099171;Кожаный чехол для смарт ключа красная нить Mercedes-Benz №771;Ч0650
1000017099546;Кожаный чехол для смарт ключа красная нить Mercedes-Benz №773;Ч0652
1000017096798;Кожаный чехол для смарт ключа красная нить Mitsubishi Lancer Exgalant ASX №765;Ч0644
1000017097108;Кожаный чехол для смарт ключа красная нить Mitsubishi Pajero Outlander №766;Ч0645
1000017097702;Кожаный чехол для смарт ключа красная нить New Suzuki Swift №770;Ч0649
1000016963282;Кожаный чехол для смарт ключа красная нить Nissan Teana Livina Tiida Qashqai №724;Ч0604
1000016962681;Кожаный чехол для смарт ключа красная нить Nissan Teana Tiida Qashqai №723;Ч0603
1000017270938;Кожаный чехол для смарт ключа красная нить Renault Duster №791;Ч0670
1000017271348;Кожаный чехол для смарт ключа красная нить Renault Duster №792;Ч0671
1000017270303;Кожаный чехол для смарт ключа красная нить Renault №788;Ч0667
1000017095456;Кожаный чехол для смарт ключа красная нить Skoda №760;Ч0639
1000017097627;Кожаный чехол для смарт ключа красная нить Suzuki SX4 Swift №769;Ч0648
1000016960854;Кожаный чехол для смарт ключа красная нить Toyota Camry 7 Rav4 №713;Ч0593
1000016853286;Кожаный чехол для смарт ключа красная нить Toyota Camry Highlander Land Cruiser №705;Ч0585
1000016960076;Кожаный чехол для смарт ключа красная нить Toyota Camry Reiz Crown №708;Ч0588
1000016959711;Кожаный чехол для смарт ключа красная нить Toyota Corolla Vios Yaris Rav4 №707;Ч0587
1000017272536;Кожаный чехол для смарт ключа красная нить Toyota Land Cruiser New №796;Ч0675
1000016961509;Кожаный чехол для смарт ключа красная нить Toyota №716;Ч0596
1000017273182;Кожаный чехол для смарт ключа красная нить Toyota №798;Ч0677
1000016853170;Кожаный чехол для смарт ключа красная нить Toyota smart 12 Highlander Crown RAV4 №704;Ч0584
1000016962360;Кожаный чехол для смарт ключа красная нить Volkswagen New Touareg №721;Ч0601
1000003369844;Кожаный чехол на выкидной ключ Volkswagen BoraPassatGolfPoloTiguanTouranTouareg (515);Ч0501
1000067396893;Компрессор автомобильный Carprime L2859;КП01
1000078362818;Компрессор автомобильный P2000, проводной;КП05
1000078363457;Компрессор автомобильный P2500, проводной;КП06
1000071603505;Компрессор автомобильный беспроводной L2712;КП03
1000071604878;Компрессор автомобильный беспроводной L3020;КП04
1000002081181;Корпус 2в1 для брелока Starline A6 / А9 + штатный ключ;К125
1000002081020;Корпус 2в1 штатный ключ + брелок на Scher-Khan 5/6;К121
1000002081099;Корпус 2в1 штатный ключ + брелок на Scher-Khan 7/12;К122
1000037514296;Корпус 2в1 штатный ключ + брелок на Scher-Khan Logicar 1/2/3/4;К123
1000037514524;Корпус 2в1 штатный ключ + брелок на Scher-Khan Mobicar 1/2/A/B;К124
1000002081327;Корпус 2в1 штатный ключ + брелок на Starline A61/A91/B6/B9;К126
1000002089330;Корпус 2в1 штатный ключ + брелок на Starline A63 / A93;К127
1000017604993;Корпус 2в1 штатный ключ + брелок на Starline А62/А64/А92/А94;К128
1000018051017;Корпус 2в1 штатный ключ + брелок на Starline В62/В64/В92/В94;К129
1000002089347;Корпус 2в1 штатный ключ + брелок на Starline Е60/Е90;К130
1000002089354;Корпус 2в1 штатный ключ + брелок от Tomahawk TW 9010/20/30;К131
1000064639344;Корпус для выкидного ключа (H009) HYUNDAI Solaris (2017-2019 г.) 3 кнопки;К237
1000064642900;Корпус для выкидного ключа Chevrolet 2 кнопки (B6120);К234
1000064645109;Корпус для выкидного ключа Chevrolet 4 кнопки (B6140);К235
1000064646489;Корпус для выкидного ключа Volkswagen 3 кнопки (AD202);К232
1000078311854;Корпус для метки Pandora Pandect BT-760;К132
1000064640203;Корпус для смарт ключ HAVAL 4 кнопки (W40);К241
1000064638699;Корпус для смарт ключ JAGUAR 5 кнопок (J80);К239
1000064640937;Корпус для смарт ключа Audi 3 кнопки (A008);К230
1000064641491;Корпус для смарт ключа Audi 3 кнопки (A009);К231
1000064640685;Корпус для смарт ключа HAVAL 3 кнопки W30 без эмблемы;К240
1000064640753;Корпус для смарт ключа MERCEDES BENZ 3 кнопки (B95);К236
1000064647066;Корпус для смарт ключа Mercedes Benz 3 кнопки (без кнопки Panic) (B13);К233
1000072230953;Корпус для смарт ключа Mitsubishi Outlander (M030);К244
1000064641309;Корпус для смарт-ключа HYUNDAI 3 кнопки H333;К238
1000002058763;Корпус на Alligator S-800 / S-825 / S-850 / S-875;К031
1000002058190;Корпус на Bruin 950 / 970 / 1000;К015
1000002058480;Корпус на Cenmax Vigilant ST5;К017
1000002059890;Корпус на Cenmax Vigilant V10D/ ST10D (ж/к);К020
1000002059487;Корпус на Cenmax Vigilant V-5A / ST-5A (Ж/К);К018
1000002059845;Корпус на Cenmax Vigilant V-6A / ST-6A (Ж/К);К019
1000002059944;Корпус на Cenmax Vigilant V7A/ST7A (Ж/К);К021
1000002060148;Корпус на Cenmax Vigilant V8A/ST8A (Ж/К);К022
1000002061756;Корпус на Jaguar Ez-One / Three / Beta / Alfa 5/6;К033
1000002058541;Корпус на Leopard 70/10 90/10;К027
1000002058596;Корпус на Pandora 2500 / Deluxe 1870i;К034
1000002061954;Корпус на Pandora 3000 ( DXL073);К035
1000002048542;Корпус на Pandora D010 (DX90);К037
1000002048566;Корпус на Pandora DXL 074 / 078;К040
1000002048580;Корпус на Pandora DXL 5000 (D500);К041
1000002057902;Корпус на Pandora DXL600 / D605 ( DXL 3930 / 3950 / 3970 );К042
1000002058145;Корпус на Pandora DXL700;К044
1000002062166;Корпус на Scher-Khan 1 2 3 4 5i 6i Logicar;К048
1000007782946;Корпус на Scher-Khan Magicar 13/14;К049
1000002062180;Корпус на Scher-Khan Magicar 3 4 III IV;К050
1000002062197;Корпус на Scher-Khan Magicar 5/6;К051
1000002062241;Корпус на Scher-Khan Magicar 7/8/9/10;К052
1000002062357;Корпус на Scher-Khan Magicar А/В;К054
1000021865571;Корпус на Scher-Khan Mobicar 1/2/3/А/В;К053
1000002061985;Корпус на Sheriff ZX 1055;К045
1000002062029;Корпус на Sheriff ZX 1060;К046
1000002062104;Корпус на Sheriff ZX 940 / 1090;К047
1000002062425;Корпус на Tomahawk 7.1/9.3/9.5 (Ж/К);К055
1000037515101;Корпус на Tomahawk 7.2/9.7/9.9 (Ж/К);К056
1000002062449;Корпус на Tomahawk TW 9010 узкая антенна;К057
1000002062456;Корпус на Tomahawk TW 9010/9020/9030/7010 широкая антенна;К058
1000002062517;Корпус на Tomahawk TZ 9010/9020/9030;К059
1000002062609;Корпус на Tomahawk X3/ X5;К060
1000002062821;Корпус на Tomahawk Z3/Z5;К061
1000022901780;Корпус на штаный ключ с лезвием выкидной Volkswagen / Фольксваген (G7);К082
1000047978699;Корпус на штатный ключ BMW 4 кнопки B650;К079
1000062831481;Корпус на штатный ключ Fiat Ducato с лезвием (F500);К101
1000062831610;Корпус на штатный ключ Land Rover (L50);К228
1000062165579;Корпус на штатный ключ NISSAN с лезвием (N213);К096
1000047980616;Корпус на штатный ключ Range Rover (R50);К110
1000047981675;Корпус на штатный ключ Ssang Yong S10 с лезвием ;К111
1000062165951;Корпус на штатный ключ Suzuki с лезвием S2;К112
1000039519930;Корпус на штатный ключ Toyota Corola / Тойота Королла  (Т50);К114
1000062168914;Корпус на штатный ключ VOLKSWAGEN с лезвием V001;К224
1000022929548;Корпус на штатный ключ прямой Kia Rio / Киа Рио Hyundai Solaris/ Хендай Солярис (B103);К071
1000047979474;Корпус на штатный ключ прямой с лезвием Nissan (N220);К097
1000072231271;Корпус на штатный ключ с выкидным лезвием Great Wall (GW3);К242
1000072230298;Корпус на штатный ключ с выкидным лезвием Hyundai (H224);К243
1000022921559;Корпус на штатный ключ с лезвием Audi / Ауди (А005);К064
1000022931077;Корпус на штатный ключ с лезвием BMW / БМВ (B636);К077
1000039503861;Корпус на штатный ключ с лезвием BMW / БМВ (B640);К078
1000030698740;Корпус на штатный ключ с лезвием Chevrolet / Шевроле выкидной 3 кнопки (B6130);К075
1000030704250;Корпус на штатный ключ с лезвием Chevrolet/Шевроле выкидной 5 кнопок (B6150);К076
1000047978460;Корпус на штатный ключ с лезвием Ford Mondeo выкидной без эмблемы (B35);К074
1000062165234;Корпус на штатный ключ с лезвием HONDA H115;К225
1000039505414;Корпус на штатный ключ с лезвием Hyundai Santa Fe / Хендай Санта фе (H010);К089
1000039514997;Корпус на штатный ключ с лезвием Mazda / Мазда (Р005);К100
1000060479029;Корпус на штатный ключ с лезвием Mazda P004;К227
1000022927391;Корпус на штатный ключ с лезвием Mersedes Benz / Мерседес бенц (B05);К068
1000039499461;Корпус на штатный ключ с лезвием Mersedes Benz / Мерседес бенц (B11);К072
1000047979313;Корпус на штатный ключ с лезвием Nissan (N210);К095
1000030694841;Корпус на штатный ключ с лезвием Renault / Рено Logan Sandero Duster 3 кнопки (R0005);К104
1000047981194;Корпус на штатный ключ с лезвием Suzuki без эмблемы S3;К113
1000030697231;Корпус на штатный ключ с лезвием Toyota / Тойота выкидной 3 кнопки (Т0012);К120
1000022900691;Корпус на штатный ключ с лезвием выкидной Audi / Ауди (А0021);К119
1000022924321;Корпус на штатный ключ с лезвием выкидной Audi А6 / Ауди (А0021 А6);К118
1000022932760;Корпус на штатный ключ с лезвием выкидной Citroen / Ситроен (C1);К080
1000022927889;Корпус на штатный ключ с лезвием выкидной Ford / Форд (B06);К069
1000022928633;Корпус на штатный ключ с лезвием выкидной Ford / Форд (B07);К070
1000022925830;Корпус на штатный ключ с лезвием выкидной Ford/Форд (B002);К065
1000022902015;Корпус на штатный ключ с лезвием выкидной Hyundai / Хендай I20/30/35 (H001);К083
1000022906983;Корпус на штатный ключ с лезвием выкидной Hyundai / Хендай Kia / Киа (H005);К086
1000022907287;Корпус на штатный ключ с лезвием выкидной Hyundai / Хендай Kia / Киа (H006);К087
1000022906235;Корпус на штатный ключ с лезвием выкидной Hyundai Elantra / Хендай Элантра (H002);К084
1000022907676;Корпус на штатный ключ с лезвием выкидной Hyundai Solaris / Хендай Солярис (H008);К088
1000022906600;Корпус на штатный ключ с лезвием выкидной Kia Sportage / Киа Спортейдж (H003);К085
1000022900028;Корпус на штатный ключ с лезвием выкидной Lada / Лада (111);К063
1000022908215;Корпус на штатный ключ с лезвием выкидной Mazda / Мазда (M001);К092
1000022909021;Корпус на штатный ключ с лезвием выкидной Mazda / Мазда (Р001);К099
1000022908680;Корпус на штатный ключ с лезвием выкидной Opel / Опель (O004);К098
1000022912762;Корпус на штатный ключ с лезвием выкидной Peugeot / Пежо  (R007);К106
1000022914810;Корпус на штатный ключ с лезвием выкидной Renault/Рено Fluence Megan 3 (R25);К109
1000022916111;Корпус на штатный ключ с лезвием выкидной Volkswagen / Фольксваген (V002);К115
1000022916265;Корпус на штатный ключ с лезвием выкидной Volkswagen Passat / Фольксваген Пассат (V003);К116
1000022928701;Корпус на штатный ключ с лезвием прямой BMW / БМВ (B24);К073
1000022926905;Корпус на штатный ключ с лезвием прямой BMW/БМВ (B004);К066
1000022926592;Корпус на штатный ключ с лезвием прямой Ford/Форд (B03);К067
1000022916487;Корпус на штатный ключ с лезвием прямой Hyundai / Хендай (Х31);К117
1000022907812;Корпус на штатный ключ с лезвием прямой Hyundai / Хендай Kia / Киа (H11);К090
1000022908017;Корпус на штатный ключ с лезвием прямой Lada / Лада (L569);К091
1000022908512;Корпус на штатный ключ с лезвием прямой Mitsubishi / Митсубиси (N057);К094
1000022932524;Корпус на штатный ключ с лезвием прямой Mitsubushi / Митсубиси (М025);К093
1000022911833;Корпус на штатный ключ с лезвием прямой Renault / Рено (R0006);К105
1000022910140;Корпус на штатный ключ с лезвием прямой Renault/Рено logan Sandero Daster (R0004);К103
1000022900967;Корпус на штатный ключ с лезвием прямой Toyota / Тойота (F231);К081
1000064144169;Крепежные уши для установки 2 DIN магнитол универсальные Carav 11-900;П620
1000007799210;Крепление для вещей в багажник на липучке 23 см;АК013
1000007799326;Крепление для вещей в багажник на липучке 35 см;АК014
1000007799357;Крепление для вещей в багажник на липучке 50 см;АК015
1000047729918;Кронштейн для камер заднего вида Chevrolet Aveo T300/Orlando/Opel Mokka/Cruze Hatch №8168;Р012
1000047731096;Кронштейн для камер заднего вида Nissan Navara (04-15) / X-Trail I(00-06) №HS-8247;Р076
1000041784050;Кронштейн для камер заднего вида Toyota Land Cruiser 200(2007+)/Lexus GX470/LX570 №8002;Р108
1000043730802;Кронштейн для камеры заднего Kia Optima II (2015+) №8364;Р044
1000043722586;Кронштейн для камеры заднего вида Audi A1/Q3/Toureg/Tiguan/Polo/Jetta/Passat/Octavia №8262;Р001
1000043650582;Кронштейн для камеры заднего вида Audi A6 C5 (97-04)/Yeti/Cayenne 955/Jetta MK4 №8067;Р003
1000047729086;Кронштейн для камеры заднего вида Audi Sedan A3 8P(03-12)/A4  B7/A6 C6/A8 II D3 №HS-8036;Р005
1000043163389;Кронштейн для камеры заднего вида Berlingo/407/308/Note/Patrol/LifanX60/X50/Solano №8017;Р007
1000043165338;Кронштейн для камеры заднего вида BMW X3 E83 / 3 E46 /5 E39E46/X5 E53E70/X6 E71 №8020;Р009
1000043166663;Кронштейн для камеры заднего вида Chevrolet Aveo T250 / Captiva / Lacetti №8021;Р011
1000043647094;Кронштейн для камеры заднего вида Chevrolet Cobalt/Ravon/Opel Astra/Vectra/Insignia №8039;Р013
1000047731683;Кронштейн для камеры заднего вида Citroen C4 Coupe(04-10) / Peugeot 301 (2012+) №HS-8283;Р017
1000043668471;Кронштейн для камеры заднего вида Ford Focus 3 Sedan/Hatchback (10-14) / Torneo №8176;Р022
1000043664015;Кронштейн для камеры заднего вида Ford Focus II Sedan (04-11) / C-Max (03-10) №8169;Р023
1000043731250;Кронштейн для камеры заднего вида Ford Kuga II(2011+) №8408;Р024
1000043664831;Кронштейн для камеры заднего вида Ford Mondeo/Ecosport/Kuga I/Fiesta/Galaxy/S Max №8170;Р025
1000043642693;Кронштейн для камеры заднего вида Honda Accord 7/8 (02-12) №8010;Р029
1000043724986;Кронштейн для камеры заднего вида Hyundai Creta (2014+) / Santa Fe II/III (06-18) №8263;Р032
1000043199401;Кронштейн для камеры заднего вида Hyundai Elantra (11-18) / Kia Cerato (13-18) №8321;Р033
1000043719425;Кронштейн для камеры заднего вида Hyundai Elantra 5MD(10-15)/Kia Ceed 2 Универсал №8257;Р034
1000043185305;Кронштейн для камеры заднего вида Hyundai I40 (11-17) / Kia Optima III(10-15) №8123;Р036
1000058811268;Кронштейн для камеры заднего вида Hyundai ix35 (2010-2015) №HS-8087;Р119
1000043198336;Кронштейн для камеры заднего вида Hyundai ix35(10-15) / Tucson III(13-18) №8300;Р037
1000043661465;Кронштейн для камеры заднего вида Hyundai Solaris I Hatch(11-16)/Kia Rio 3 Hatch №8155;Р038
1000043730208;Кронштейн для камеры заднего вида Hyundai Solaris Sedan 2 поколение(2017 - по н.в.) №8354;Р040
1000043659653;Кронштейн для камеры заднего вида Hyundai Solaris Sedan(11-17)/Kia Cerato 2TD(08-13) №8079;Р039
1000047729642;Кронштейн для камеры заднего вида Hyundai Sonata 4(98-06) №HS-8118;Р041
1000047732475;Кронштейн для камеры заднего вида Hyundai Sonata 6 (09-14) №8302;Р042
1000043655907;Кронштейн для камеры заднего вида Kia Picanto 2/Rio 4/Soul I2(08-19)/i30 I(07-11) №8071B;Р045
1000043182151;Кронштейн для камеры заднего вида Kia Rio IIIII Sedan (05-17) №8088;Р046
1000043716486;Кронштейн для камеры заднего вида Kia Sorento I BL(02-09) / Cerato I (04-10) №8221;Р047
1000043200558;Кронштейн для камеры заднего вида Kia Sorento II XM (2009+) №8352;Р048
1000043718411;Кронштейн для камеры заднего вида Kia Sorento/Tucson/Sportage/X Line/Hyundai i40 №8233;Р049
1000043731878;Кронштейн для камеры заднего вида Kia Sportage IV(2016+) / Tuscon III(2019+) №8422;Р050
1000050023003;Кронштейн для камеры заднего вида Lada Vesta / Audi Q5 8R (08-17) №HS-8202;Р051
1000043187798;Кронштейн для камеры заднего вида Mazda 3 III (04-13) №8150;Р056
1000043729349;Кронштейн для камеры заднего вида Mazda 3 Sedan III (13-19) №HS-8324;Р057
1000043172558;Кронштейн для камеры заднего вида Mazda 6 II (07-13) №8046;Р058
1000043728816;Кронштейн для камеры заднего вида Mazda 6 III (2013+)/ Mazda 3 Hatchback III (2014+) №8323;Р059
1000043721671;Кронштейн для камеры заднего вида Mercedes Benz GL(06-12) / W211(02-09) №8259;Р063
1000043192808;Кронштейн для камеры заднего вида Mitsubishi ASX (10-18) №8223;Р068
1000043649593;Кронштейн для камеры заднего вида Mitsubishi Lancer 8 /9 / 10 / EX / EVO / LS №8054;Р069
1000043645878;Кронштейн для камеры заднего вида Mitsubishi Outlander II XL/Peugeot 4007/C-Cross №8031;Р070
1000043177096;Кронштейн для камеры заднего вида Mitsubishi Pajero №8076;Р073
1000043176617;Кронштейн для камеры заднего вида Mitsubishi Pajero Sport III(2016+/Grandis(03-11) №8075;Р072
1000043662738;Кронштейн для камеры заднего вида Nissan Juke (10-18)/Qashqai (2014+)/X-Trail II №8165;Р074
1000043726225;Кронштейн для камеры заднего вида Nissan Murano I(02-08)/Pathfinder III/X-Trail III №8311;Р075
1000047728188;Кронштейн для камеры заднего вида Nissan Tiida Hatchback (04-12)/Q60 (2013+) №HS-8024;Р078
1000073592395;Кронштейн для камеры заднего вида Renault Duster (13-18) HS-8200;Р082
1000043639297;Кронштейн для камеры заднего вида Renault Duster/Megane III/Fluence/Kaptur/Scenic №9207;Р083
1000043193867;Кронштейн для камеры заднего вида Renault logan I/II/Sandero I/II/Simbol II(12-16) №8281;Р086
1000043201111;Кронштейн для камеры заднего вида Renault Logan Stepway Sedan(18-20)/ARKANA(19-20) №8379;Р087
1000043718657;Кронштейн для камеры заднего вида Renault Megane Hatchback/Clio (05-14)/Scenic №8255;Р088
1000043175122;Кронштейн для камеры заднего вида Skoda Octavia II (04-13) / Ford Fiesta (02-08) №8057;Р089
1000043674137;Кронштейн для камеры заднего вида Skoda Yeti (с запаской)/Polo Hatch(09-17)/Golf 6 №8198;Р091
1000043725648;Кронштейн для камеры заднего вида Skoda Yeti/Rapid/Octavia III /Kodiaq/VW Golf Plus №8277;Р092
1000043193201;Кронштейн для камеры заднего вида Ssang Yong Rexton №8248;Р093
1000043717865;Кронштейн для камеры заднего вида SsangYong Kyron №8228;Р095
1000047729260;Кронштейн для камеры заднего вида Suzuki SX4 (06-13) / Liana №HS-8050;Р100
1000043189150;Кронштейн для камеры заднего вида Suzuki Vitara / Grand Vitara / SX4 (2014+) №8189;Р101
1000047714815;Кронштейн для камеры заднего вида Toyota Corolla E120/BYD F3/Lifan Solano I(08-16) №8022;Р104
1000043726829;Кронштейн для камеры заднего вида Toyota Corolla/Camry/Auris/Highlander/Yaris/Vitz №8316;Р103
1000043179847;Кронштейн для камеры заднего вида Toyota Highlander II (08-13) №8060;Р107
1000043196233;Кронштейн для камеры заднего вида Toyota RAV4 XA40 (13-19) №8295;Р110
1000041789550;Кронштейн для камеры заднего вида Volkswagen Amarok / Polo Hatchback(01-09) №8008;Р111
1000043194505;Кронштейн для камеры заднего вида Volkswagen Golf 7/Passat CC B6/B7/B8 (08-16) №8288;Р112
1000043643904;Кронштейн для камеры заднего вида Volkswagen Golf IV/Touran I /Passat B6/Superb №8013;Р113
1000043670900;Кронштейн для камеры заднего вида Volkswagen Tiguan I (07-16) №8194;Р115
1000043648794;Кронштейн для камеры заднего вида Volvo XC60/XC90/S40/S60/S80/XC70/C70/V70 №8045;Р117
1000047735322;Кронштейн для камеры заднего вида для Nissan Sentra/Almera/Teana/Tiida/Pathfinder №8338;Р077
1000003475781;Кронштейн под камеру заднего вида для Audi Q7 4L (05-15) №8322;Р004
1000003538400;Кронштейн под камеру заднего вида для Lexus AL10 RX270/350/450/ES350 / 300 / 350 №8333;Р053
1000076229687;Крышка для корпуса брелока Scher-Khan Logicar 1 2 3 4;К190
1000076230157;Крышка для корпуса брелока Scher-Khan Magicar 5 6;К187
1000076230584;Крышка для корпуса брелока Scher-Khan Magicar 7-12;К188
1000075757464;Крышка для корпуса брелока Scher-Khan Mobicar 1/2/3/A/B;К185
1000076228918;Крышка для корпуса брелока Starline A61/A91;К189
1000076229007;Крышка для корпуса брелока Starline B6/B9;К186
1000075757297;Крышка для корпуса брелока Starline А93 A63 A96 A39;К184
1000037867873;Лезвие для выкидного ключа Chevrolet №39 (54*10 мм);К148
1000037868856;Лезвие для выкидного ключа Ford №38 (54*6 мм);К149
1000037869280;Лезвие для выкидного ключа Honda №25 (54*9 мм);К150
1000037876721;Лезвие для выкидного ключа Hyundai №129 (54*7 мм);К151
1000037878152;Лезвие для выкидного ключа Lada №06 (46*9 мм);К152
1000037879159;Лезвие для выкидного ключа Mitsubishi (#1)  №15 (53*10 мм);К153
1000037879715;Лезвие для выкидного ключа Mitsubishi (#2) №07 (53*10 мм);К154
1000037880711;Лезвие для выкидного ключа Renault №152 (50*10 мм);К156
1000037880377;Лезвие для выкидного ключа Toyota №02 (52*8 мм);К155
1000037882258;Лезвие для выкидного ключа VAG(VolkswagenAudi) №31 (54*10 мм);К157
1000037882852;Лезвие ключа для выкидного Toyota №22 (51*9 мм);К159
1000060352025;Магнитола 2DIN PODOFO 7817A (IPS 7 дюймов память 2+32 Гб);М015
1000060351332;Магнитола 2DIN PODOFO 8010S IPS 7 дюймов MP5;М016
1000060464490;Магнитола 2DIN PODOFO 9810A (IPS10 1 дюйм память 2+32 Гб);М017
1000060478015;Магнитола 2DIN PODOFO 9819A (IPS 9 дюймов память 2+32 Гб);М019
1000006696466;Магнитола Podofo Q3236 для Renault Sandero/Duster/Logan (9 дюймов Android 8.1);М012
1000004618910;Магнитола автомобильная с Bluetooth  (USBAUXCD Card);М002
1000003255161;Монитор 4.3 дюйма в зеркале для камеры заднего вида;КМ041
1000003255581;Монитор 4.3 дюйма на ножке для камеры заднего вида (EP-43 D/B);КМ045
1000003255635;Монитор 43 дюйма откидной для камеры заднего вида (EP-43 D/F);КМ047
1000003255222;Монитор 5 дюймов в зеркале для камеры заднего вида;КМ042
1000017606065;Монитор 5 дюймов на ножке для камеры заднего вида EP-5;КМ046
1000004247080;Монтажная рамка 1DIN(11-025) черный на Opel Astra(H)2004-10AntaraCorsa(D) 2006-15Zafira;П082
1000004247097;Монтажная рамка 1-DIN(11-026)сереб. для Opel Astra(H)2004-10AntaraCorsa(D)2006-15Zafira;П083
1000007630308;Монтажная рамка 22-004 Mitsubishi Outlander XL/Citroen C-Crosser/Peugeot 2-din 9 дюймов ;П290
1000007630162;Монтажная рамка 22-103 Citroen C4/Mitsubishi ASX/Outlander/Peugeot 4008 2-din 10 дюймов;П114
1000004250356;Монтажная рамка 2-din 7 дюймов (11-090) на Opel Astra(H)AntaraCorsa(D) Zafira;П287
1000004248131;Монтажная рамка 2-din 7 дюймов (11-354) для Peugeot Boxer 2006+ Citroen Jumper/Fiat Ducato;П162
1000004250332;Монтажная рамка 2-din 7 дюймов (11-493) для Mitsubishi OutlanderLancer Pajero ASX;П263
1000004249305;Монтажная рамка 2-din 7 дюймов (11-559) для Peugeot Boxer 2011+ Citroen Jumper/Fiat Ducato;П255
1000004250387;Монтажная рамка 2-din 7 дюймов(11-028)на Opel Astra(H)2004-10 AntaraCorsa(D)2006-15Zafira;П286
1000025758251;Набор инструментов для установщика Car Audio CARAV IT-11 12 предметов;П077
1000025758589;Набор инструментов для установщика Car Audio CARAV IT-22 6 предметов;П078
1000025758978;Набор инструментов для установщика Car Audio CARAV IT-44 5 предметов;0
1000054584166;Обложка для автодокументов  кожаная;АК062
1000054584173;Обложка для автодокументов  кожаная;АК066
1000054584180;Обложка для автодокументов  кожаная;АК064
1000003414780;Обложка на паспорт из искусственной кожи;АК022
1000003414797;Обложка на паспорт из искусственной кожи;АК023
1000003414803;Обложка на паспорт из искусственной кожи;АК024
1000003414926;Обложка на паспорт из натуральной кожи;АК025
1000003414933;Обложка на паспорт из натуральной кожи;АК026
1000003414940;Обложка на паспорт из натуральной кожи;АК027
1000003256069;Парктроник LCD дисплей 4 датчиков;КМ048
1000003255802;Парктроник Led дисплей 4 датчика (разные цвета);КМ049
1000003255819;Парктроник Led дисплей 4 датчика (разные цвета);КМ051
1000006522734;Парктроник Led дисплей 4 датчика (разные цвета);КМ050
1000003255840;Парктроник Led дисплей 4 датчика (разные цвета);КМ054
1000003255857;Парктроник Led дисплей 4 датчика (разные цвета);КМ055
1000003255833;Парктроник Led дисплей 4 датчика (разные цвета);КМ053
1000003255826;Парктроник Led дисплей 4 датчика (разные цвета);КМ052
1000003262886;Парктроник Led дисплей 8 датчиков (передние/задние);КМ056
1000004248056;Переходная монтажная 2-din 7 дюймов (08-005) для Mitsubishi Pajero Shogun Montero 2007+;П271
1000007630339;Переходная монтажная рамка 11-414 для Kia Cerato (TD) 09-12 2-din 7 дюймов ;П164
1000007629890;Переходная монтажная рамка 11-540 для Volkswagen Polo 2014+ 2-din 7 дюймов серебро;П167
1000007629661;Переходная монтажная рамка 11-820 для Lada Granta 2018+ 2-din 7 дюймов ;П254
1000004236589;Переходная монтажная рамка 1-DIN (11-005) для AUDI A2 (8Z) 1999-2005 A3 (8L) A4 (B5);П088
1000004236619;Переходная монтажная рамка 1-DIN (11-006) для AUDI A4 (B6) 2000-2006;П106
1000004246939;Переходная монтажная рамка 1-DIN (11-011) для BMW 3-Series (E46) (1998-2005);П089
1000004247066;Переходная монтажная рамка 1-DIN (11-012) для BMW 5-Series (E39) 1995-2003 X5(E53) 1999-06;П084
1000004246960;Переходная монтажная рамка 1-DIN (11-022) для KIA Spectra 2001-2011 SephiaMentor1997-2001;П091
1000004246977;Переходная монтажная рамка 1-DIN (11-031) для Peugeot (406) 1995-2005;П110
1000004236572;Переходная монтажная рамка 1-DIN (11-037) для Toyota Corolla 2001-2006;П096
1000004247042;Переходная монтажная рамка 1-DIN (11-781) для Lada Priora Kalina 2013+;П104
1000004247035;Переходная монтажная рамка 1-DIN (11-782) на Volkswagen Caddy 2004+Golf 2003-14Passat CC;П105
1000044077029;Переходная монтажная рамка 2 din 22-1202 9 дюймов KIA Soul 2013-2019;П390
1000044079641;Переходная монтажная рамка 2 din 22-1250 9 дюймов Volkswagen Touareg 2010-2018;П393
1000044083402;Переходная монтажная рамка 2 din 22-1253 9 дюймов KIA Ceed 2010-2012;П395
1000044085727;Переходная монтажная рамка 2 din 22-1254 101 дюймов KIA Sorento (UM) 2014+;П396
1000044087936;Переходная монтажная рамка 2 din 22-1260 10.1 дюймов KIA K5 2020+;П130
1000044090660;Переходная монтажная рамка 2 din 22-1266 9 дюймов Toyota Avensis (T270) 2009-2015;П399
1000044091483;Переходная монтажная рамка 2 din 22-1270 9 дюймов LADA Priora 2007-2014;П400
1000044149108;Переходная монтажная рамка 2 din 22-1281 9 дюймов Ford Mondeo 2000-2003;П405
1000007629876;Переходная монтажная рамка 22-105 для Hyundai i-25 Accent Solaris 2-din 9 дюймов;П385
1000007648716;Переходная монтажная рамка 22-128 для Chevrolet Cruze 2009  2-din 9 дюймов серебро;П316
1000007648778;Переходная монтажная рамка 22-407 для Chevrolet Cruze 2009 черный 2-din 9 дюймов;П420
1000007629630;Переходная монтажная рамка 22-510 для Lada Vesta 2015+ 2-din 9 дюймов ;П424
1000010552383;Переходная монтажная рамка 22-538 для Volkswagen Polo 2009+ 2din 9 дюймов черная;П425
1000010552499;Переходная монтажная рамка 22-620 для Lada Granta/Kalina 13-17 2-din 9 дюймов ;П427
1000007645661;Переходная монтажная рамка 22-945 для Chevrolet Aveo/Captiva/Epica/Ravon 2-din 9 дюймов ;П430
1000004247561;Переходная монтажная рамка 2-DIN (11-027) для OPEL Agila 2000-2007 Astra (G) Combo (C);П109
1000004250301;Переходная монтажная рамка 2-DIN (MA003) для MAZDA CX-7 2006-2012;0
1000007648624;Переходная монтажная рамка 2-din 10 дюймов (22-063) для Honda Civic Sedan (07-11);П113
1000007630612;Переходная монтажная рамка 2-din 10 дюймов (22-185) для Skoda Octavia (08-13);П115
1000007645937;Переходная монтажная рамка 2-din 10 дюймов (22-343) для Toyota Rav4 (13-19);П116
1000007630469;Переходная монтажная рамка 2-din 10 дюймов (22-419) для Kia Rio 2017-2019;П117
1000007630131;Переходная монтажная рамка 2-din 10 дюймов (22-493) для Mitsubishi Outlander 2015+;П118
1000044078446;Переходная монтажная рамка 2din 22-1240 9 дюймов Volkswagen Golf 6 2008-2015;П392
1000004250615;Переходная монтажная рамка 2din 7 дюймов (07-003) для Toyota Camry Aurion Daihatsu Altis;П283
1000004247899;Переходная монтажная рамка 2-din 7 дюймов (08-003) для Toyota Corolla 2007-2013 (серый);П175
1000004247981;Переходная монтажная рамка 2-din 7 дюймов (08-006) на Mitsubishi Lancer Х Galant Fortis;П177
1000004247110;Переходная монтажная рамка 2-din 7 дюймов (08-007) для Mazda CX-7 2006-2012;П178
1000004247967;Переходная монтажная рамка 2-din 7 дюймов (08-008) для Volkswagen Touareg T5;П270
1000004250479;Переходная монтажная рамка 2-din 7 дюймов (09-001) для  Suzuki Grand Vitara Escudo 2005+;П279
1000004250547;Переходная монтажная рамка 2-din 7 дюймов (09-002) для Fiat Sedici 2005Suzuki SX4 (06-13);П181
1000004249282;Переходная монтажная рамка 2-din 7 дюймов (11-041) для BMW 5(E39) 1995-03 X5(E53) 1999-06;П183
1000004247332;Переходная монтажная рамка 2-din 7 дюймов (11-046) для Ford Focus IIC-MaxFusionTransit;П184
1000007648587;Переходная монтажная рамка 2-din 7 дюймов (11-060) Ford Mondeo (2002-2006);П152
1000004247523;Переходная монтажная рамка 2-din 7 дюймов (11-063) для Honda Civic 2007-2011;П266
1000004249336;Переходная монтажная рамка 2-din 7 дюймов (11-067) на Hyundai Sonata (NF)Sonica 2004-2008;П257
1000004247158;Переходная монтажная рамка 2-din 7 дюймов (11-072) для Kia Cerato (LD) OptimaMagentis;П153
1000004248087;Переходная монтажная рамка 2-din 7 дюймов (11-081) для Mazda3 (2004-2008) Axela 2006-2008;П272
1000004247349;Переходная монтажная рамка 2-din 7 дюймов (11-105) для Hyundai i-25AccentSolarisVerna;П192
1000004250608;Переходная монтажная рамка 2-din 7 дюймов (11-107) на Toyota универсальная;П281
1000004247912;Переходная монтажная рамка 2-din 7 дюймов (11-108) для Toyota Avensis 2002-2008;П269
1000007648594;Переходная монтажная рамка 2-din 7 дюймов (11-120) для Honda Civic Hatchback (06-11);П155
1000004250349;Переходная монтажная рамка 2din 7 дюймов (11-123) для Nissan Almera Tiida X-TrailQashqai;П264
1000004249350;Переходная монтажная рамка 2-din 7 дюймов (11-144) для Hyundai H-1Starex i800 iLoadiMax;П258
1000007629807;Переходная монтажная рамка 2-din 7 дюймов (11-151) для Renault Megane II (02-09);П157
1000004250318;Переходная монтажная рамка 2-din 7 дюймов (11-156) для Mitsubishi L200TritonPajero Sport;П262
1000004249114;Переходная монтажная рамка 2-din 7 дюймов (11-158) для Ford Focus 2011+;П275
1000007645609;Переходная монтажная рамка 2-din 7 дюймов (11-185) Skoda Octavia 08-13 без климата;П288
1000004247592;Переходная монтажная рамка 2-din 7 дюймов (11-190) для Kia Rio(QB) 2011-2017 K2 (QB) 2011+;П206
1000004247608;Переходная монтажная рамка 2-din 7 дюймов (11-212) на Subaru Forester Impreza XV WRX;П158
1000004247974;Переходная монтажная рамка 2-din 7 дюймов (11-233) для Chevrolet Lacetti Optra Aveo;П212
1000007645586;Переходная монтажная рамка 2-din 7 дюймов (11-258) для Skoda Octavia 08-13 с климатом;П160
1000004248063;Переходная монтажная рамка 2-din 7 дюймов (11-262) для Kia Ceed 2010-2012;П213
1000007629777;Переходная монтажная рамка 2-din 7 дюймов (11-329) Renault Logan/Sandero/Duster;П161
1000004248155;Переходная монтажная рамка 2-din 7 дюймов (11-377) для Fiat Albea SienaPalioPerlaIdea;П218
1000007629708;Переходная монтажная рамка 2-din 7 дюймов (11-395) Renault Logan (04-09);П163
1000007645777;Переходная монтажная рамка 2-din 7 дюймов (11-407) для Chevrolet Cruze 2009 (серебро);П220
1000004250271;Переходная монтажная рамка 2-din 7 дюймов (11-412) для Kia Rio (QB) 2011-2017 K2(QB) 2011+;П261
1000004249329;Переходная монтажная рамка 2-din 7 дюймов (11-449) для Hyundai Santa Fe 2006-2012;П256
1000004248162;Переходная монтажная рамка 2-din 7 дюймов (11-453) для Lifan (620) Solano 2008-2013;П225
1000004250455;Переходная монтажная рамка 2-din 7 дюймов (11-455) для Skoda Rapid 2013+;П278
1000004249220;Переходная монтажная рамка 2-din 7 дюймов (11-458) для Audi A6 (4B) 1997-2005 Allroad;П276
1000004249091;Переходная монтажная рамка 2-din 7 дюймов (11-496) для Hyundai Creta 2015+/ iX-25 2014+;П235
1000004249039;Переходная монтажная рамка 2-din 7 дюймов (11-498) для BMW 3-Series (E46) 1998-2005;П273
1000004247745;Переходная монтажная рамка 2-din 7 дюймов (11-505) для Toyota Corolla 2007-2013 (черный);П236
1000004249077;Переходная монтажная рамка 2-din 7 дюймов (11-510) для Lada Vesta 2015+;П274
1000007629937;Переходная монтажная рамка 2-din 7 дюймов (11-538) для Volkswagen Polo 2014+ черная;П166
1000007648501;Переходная монтажная рамка 2-din 7 дюймов (11-548) для Ford Focus (98-04);П168
1000004249060;Переходная монтажная рамка 2-din 7 дюймов (11-620) для Lada Granta 2013-2017 Kalina13+;П239
1000007646019;Переходная монтажная рамка 2-din 7 дюймов (11-665) для Toyota Avensis (02-08);П170
1000004248919;Переходная монтажная рамка 2-DIN 7 дюймов (11-694) для  UAZ Patriot 2012+;П247
1000004250783;Переходная монтажная рамка 2-din 7 дюймов (11-712) для Toyota боковые вставки с USB + AUX;П282
1000004249008;Переходная монтажная рамка 2-DIN 7 дюймов (11-745) для IVECO Daily 2006-2014;П171
1000004249022;Переходная монтажная рамка 2-din 7 дюймов (11-762) для Renault LoganSandero/Dacia Sandero;П172
1000004249107;Переходная монтажная рамка 2-din 7 дюймов (11-784) для Hyundai AccentSolaris Verna 2017+;П250
1000004250219;Переходная монтажная рамка 2-din 7 дюймов (14-003) универсальная корзина для установки;П259
1000004250257;Переходная монтажная рамка 2-din 7 дюймов (14-004) универсальная корзина для установки;П260
1000007645845;Переходная монтажная рамка 2-din 7 дюймов 11-128 для Chevrolet Cruze 2009 черная;П156
1000007648495;Переходная монтажная рамка 2-din 7 дюймов 11-549 для Ford Focus 98-04 серебро;П169
1000004247134;Переходная монтажная рамка 2-din 7дюймов (09-003) на Chevrolet AveoCaptivaEpicaRavon;П151
1000004250394;Переходная монтажная рамка 2-din 7дюймов (09-004) для Skoda Octavia 2004-2013 Laura Yeti;П277
1000004247356;Переходная монтажная рамка 2-din 7дюймов (11-119) на Honda Accord 1990-02 CivicCR-V H-RV;П154
1000004248186;Переходная монтажная рамка 2-din 7дюймов (11-533) для Chevrolet Avalanche BlazerColorado;П165
1000004248117;Переходная монтажная рамка 2-din 7дюймов на Lada XrayRenault DusterLoganSandero 11-297;П081
1000007646064;Переходная монтажная рамка 2-din 9 дюймов (22-003) Toyota Corolla (07-13) темно-серый;П382
1000007646040;Переходная монтажная рамка 2-din 9 дюймов (22-038) для Toyota Corolla (01-06);П384
1000007648457;Переходная монтажная рамка 2-din 9 дюймов (22-046) Ford FocusII/ C-Max/ S-Max/ Fusion/ Transit;П434
1000044086953;Переходная монтажная рамка 2din 9 дюймов (22-1258) Mazda 3 Axela 2014+;П397
1000044089275;Переходная монтажная рамка 2din 9 дюймов (22-1262) Nissan Teana 2003-2008;П398
1000044098277;Переходная монтажная рамка 2din 9 дюймов (22-1276) TOYOTA Corolla 2007-2013;П404
1000007629838;Переходная монтажная рамка 2-din 9 дюймов (22-241) Nissan Qashkai (2007-2014);П418
1000007630582;Переходная монтажная рамка 2-din 9 дюймов (22-412) для Kia Rio QB (11-17);П421
1000007630476;Переходная монтажная рамка 2-din 9 дюймов (22-414) Kia Cerato (TD) (09-12);П339
1000007630438;Переходная монтажная рамка 2-din 9 дюймов (22-421) Kia Ceed (12-19);П340
1000007630360;Переходная монтажная рамка 2-din 9 дюймов (22-436) для Kia Sportage KM (08-10);П422
1000007646033;Переходная монтажная рамка 2-din 9 дюймов (22-505) Toyota Corolla (2007-2013) черный;П423
1000007648846;Переходная монтажная рамка 2-din 9 дюймов (22-540) Volkswagen Polo 2014+ серебро;П426
1000007646231;Переходная монтажная рамка 2-din 9 дюймов (22-630) Ford Focus (2005-2011);П428
1000007646132;Переходная монтажная рамка 2-din 9 дюймов (22-728) Ford Focus (2005-2011);П433
1000010552574;Переходная монтажная рамка 2din 9 дюймов (22-820) Lada Granta (2018+);П429
1000010552819;Переходная монтажная рамка 2din 9 дюймов (22-999) Lada Xray 2015+;П431
1000007630209;Переходная монтажная рамка 2-din 9 дюймов 22-005 Mitsubishi Pajero Shogun Montero 2007+;П383
1000044094286;Переходная монтажная рамка 2din 9 дюймов Suzuki Grand Vitara 1998-2006;0
1000004246953;Переходная рамка 1-DIN (08-001) для Ford Focus II/Mondeo/S-Max/C-Max 2007-2011 Galaxy II;П108
1000067510312;Переходная рамка 1-DIN (11-007) Audi A3 (8P/8PA) 2003-2008;П578
1000004246922;Переходная рамка 1-DIN (11-010) для MERCEDES-BENZ C (W203) 2000-04/CLK (W209);П107
1000027485780;Переходная рамка 1-DIN (CARAV 11-001) AUDI A4 (B6) 2002-06 A4 (B7) 2002-07 (с карманом);П086
1000027485957;Переходная рамка 1-DIN (CARAV 11-002) AUDI A6 (4B) 2001-04 Allroad 2000-06 (с карманом);П087
1000026423882;Переходная рамка 1-DIN (CARAV 11-024) Nissan Almera (N16) (2000-06);П092
1000047972758;Переходная рамка 1-DIN (CARAV 11-032) для Renault Scenic Clio Megane;П093
1000027486152;Переходная рамка 1-DIN (CARAV 11-035) SKODA Fabia 2003-06 (с карманом);П094
1000027486435;Переходная рамка 1-DIN (CARAV 11-036) TOYOTA универсальная;П095
1000026426784;Переходная рамка 1-DIN (CARAV 11-080) Mazda (3) 2004-08 Axela 2006-08 (с карманом);П098
1000026431504;Переходная рамка 1-DIN (CARAV 11-152) Renault Megane 2008-15 Fluence 2009-17;П100
1000026441619;Переходная рамка 1-DIN (CARAV 11-535) NISSAN Almera Sentra 2000-06;П103
1000028899814;Переходная рамка 1-DIN CARAV 11-447 для AUDI A4 B8 2007-16 Q5 2008-17;П101
1000029922856;Переходная рамка 22-174 2 DIN 9 дюймов Honda Civic Sedan 2011-2013 руль слева;П320
1000029931469;Переходная рамка 22-240 2 DIN 9 дюймов Chevrolet Cruze 2012+;П325
1000029935238;Переходная рамка 22-262 2 DIN 9 дюймов Toyota RAV4 2000-03;П326
1000029943158;Переходная рамка 22-274 2 DIN 9 дюймов Hyndai Elantra (MD) 2014-16 руль слева;П329
1000029947545;Переходная рамка 22-300 2 DIN 9 дюймов Volkswagen 2017+;П330
1000029959340;Переходная рамка 22-341 2 DIN 9 дюймов Toyota Avensis (T270) 2009-15;П333
1000029964160;Переходная рамка 22-352 2DIN 9 дюймов Peugeot (308) 2007-2013 (408) 2011+;П334
1000084643758;Переходная рамка 2DIN 10 дюймов Nissan Micra, Note, Almera, Juke, Versa CARAV 22-920;П625
1000077948464;Переходная рамка 2DIN 10 дюймов TOYOTA Corolla (2013-2016) CARAV 22-461;П304
1000029078720;Переходная рамка 2DIN 10.1 дюймов (CARAV 22-009) Volkswagen Skoda Seat;П121
1000026609873;Переходная рамка 2DIN 10.1 дюймов (CARAV 22-043) Volkswagen Jetta 10-18 / Sagitar12-19;П125
1000029904678;Переходная рамка 2DIN 10.1 дюймов (CARAV 22-118) Honda Jazz Fit 2008-13;П129
1000029919719;Переходная рамка 2DIN 10.1 дюймов (CARAV 22-152) Citroen C4 2010-15;П134
1000029922023;Переходная рамка 2DIN 10.1 дюймов (CARAV 22-169) Toyota Camry Aurion;П135
1000029943875;Переходная рамка 2DIN 10.1 дюймов (CARAV 22-296) Ford Fusion 2009-12;П138
1000025688022;Переходная рамка 2DIN 10.1 дюймов (CARAV 22-462) Skoda Octavia 2013+;П141
1000025689036;Переходная рамка 2DIN 10.1 дюймов (CARAV 22-475) Toyota Land Cruiser Prado150;П143
1000025690001;Переходная рамка 2DIN 10.1 дюймов (CARAV 22-500) Chevrolet Lacetti Ravon Genta;П144
1000030726528;Переходная рамка 2DIN 10.1 дюймов (CARAV 22-601) Toyota Camry Aurion 2015-18;П148
1000064242605;Переходная рамка 2din 10.1 дюймов 22-048 Volkswagen Golf VII 2012-2021;П490
1000064244272;Переходная рамка 2din 10.1 дюймов Carav (22-047) Volkswagen Passat CC Carav 22-047;П478
1000064244388;Переходная рамка 2DIN 10.1 дюймов Carav 22-057 для Volkswagen Passat 2014+;П495
1000029952402;Переходная рамка 2DIN 10.1 дюймов CARAV 22-308 для Nissan Murano 2015+;П139
1000064245897;Переходная рамка 2DIN 101 дюймов (22-008) TOYOTA RAV4 (2006-2012);П561
1000064258040;Переходная рамка 2DIN 101 дюймов (22-032) TOYOTA Corolla E210 (2018+);П579
1000064244401;Переходная рамка 2DIN 101 дюймов (22-1400) VW Polo (2020+) / Skoda Rapid (2021+);П268
1000064258705;Переходная рамка 2DIN 101 дюймов (22-1430) TOYOTA Camry (06-11) Кондиционер;П583
1000064267431;Переходная рамка 2DIN 101 дюймов (22-1470) Renault Arkana (2019+) / Duster (2019+);П584
1000064259924;Переходная рамка 2DIN 101 дюймов (22-1648) Газель Next (2013+);П587
1000064260043;Переходная рамка 2DIN 101 дюймов (22-1649) CHEVROLET Lacetti (Климат/Седан/Черная);П588
1000064260098;Переходная рамка 2DIN 101 дюймов (22-1650) CHEVROLET Lacetti (Кондиционер/Седан/Черная);П589
1000064267226;Переходная рамка 2DIN 101 дюймов (22-717) Renault Duster (2019+);П547
1000064267103;Переходная рамка 2DIN 101 дюймов (22-762) Renault Logan / Sandero (13-18);П553
1000064245255;Переходная рамка 2DIN 101 дюймов (22-979) Toyota RAV4 (2019+);П591
1000064258316;Переходная рамка 2DIN 101 дюймов 22-027 TOYOTA Corolla E170 2016+;П564
1000064258576;Переходная рамка 2DIN 101 дюймов 22-029 TOYOTA Camry 2018+;П352
1000064244449;Переходная рамка 2DIN 101 дюймов 22-092 VOLKSWAGEN Tiguan 2016+;П580
1000064258477;Переходная рамка 2DIN 101 дюймов 22-1299 TOYOTA Camry 2021+;П581
1000064266632;Переходная рамка 2Din 101 дюймов 22-1402 Skoda Octavia 2020+;П582
1000064266212;Переходная рамка 2DIN 101 дюймов 22-1471 Toyota Avensis T270 2015-2018;П585
1000064266779;Переходная рамка 2Din 101 дюймов 22-1513 Skoda Fabia 2007-2014;П586
1000064262368;Переходная рамка 2DIN 101 дюймов 22-1636 HYUNDAI Elantra MD 2010-2013;П523
1000064260166;Переходная рамка 2DIN 101 дюймов 22-502 CHEVROLET Lacetti кондиционер седан серебро;П590
1000044150456;"Переходная рамка 2DIN 101"" дюймов (22-1290) Hyundai Creta 2021+";П131
1000044162909;"Переходная рамка 2DIN 101"" дюймов (22-1307) Volkswagen Jetta 2005-2011 Sagitar 2006-2012";П132
1000044158797;Переходная рамка 2DIN 22-1298 9 дюймов Lexus GX 470 / Toyota Land Cruiser Prado 120;П409
1000044173820;Переходная рамка 2DIN 22-1319 9 дюймов Honda Accord 2002-2007;П413
1000044177552;Переходная рамка 2DIN 22-1393 9 дюймов Chevrolet Captiva 2011-2015;0
1000030735315;Переходная рамка 2DIN 22-656 Hyundai Creta 2015-2021 101 дюймов;П149
1000004247615;Переходная рамка 2-din 7 дюймов (07-002) для Toyota Land Cruiser Prado Lexus GX 470;П267
1000004250578;Переходная рамка 2din 7 дюймов (07-005) для Toyota Land Cruiser 100/ Lexus LX-470;П280
1000004247103;Переходная рамка 2-din 7 дюймов (08-004) для Mitsubishi Outlander XL/Citroen C-Crosser;П176
1000004250790;Переходная рамка 2din 7 дюймов (08-009) на Volkswagen Caddy/Touran 2003+ Passat CC 2008-12;П284
1000047973311;Переходная рамка 2DIN 7 дюймов (11-038) для Toyota Corolla (2001-2006);П159
1000027485469;Переходная рамка 2DIN 7 дюймов (CARAV 08-010) TOYOTA Land Cruiser 200 (V8) 2008-15;П179
1000025913704;Переходная рамка 2DIN 7 дюймов (CARAV 08-011) Mazda 6 Atenza 2008-12;П180
1000026423066;Переходная рамка 2DIN 7 дюймов (CARAV 11-019) Hyundai Santa Fe 2006-10;П182
1000027486565;Переходная рамка 2DIN 7 дюймов (CARAV 11-061) HONDA Accord 2002-07;П185
1000027487050;Переходная рамка 2DIN 7 дюймов (CARAV 11-073) KIA Sorento (XM) (2009-12);П186
1000026426272;Переходная рамка 2DIN 7 дюймов (CARAV 11-079) MAZDA (2) Demio 2007-14;П187
1000027487470;Переходная рамка 2DIN 7 дюймов (CARAV 11-082) MAZDA (3) 2009-13;П188
1000026427699;Переходная рамка 2DIN 7 дюймов (CARAV 11-095) Subaru Forester 08-12Impreza 07-12;П189
1000026429440;Переходная рамка 2DIN 7 дюймов (CARAV 11-110) Toyota Auris 2006-12;П193
1000027488002;Переходная рамка 2DIN 7 дюймов (CARAV 11-117) HONDA Accord 08-12 (с навигацией);П194
1000026430705;Переходная рамка 2DIN 7 дюймов (CARAV 11-118) Honda Jazz Fit 2008-13 руль слева;П195
1000026431047;Переходная рамка 2DIN 7 дюймов (CARAV 11-136) SsangYong Actyon Kyron 2005-11;П196
1000028806409;Переходная рамка 2DIN 7 дюймов (CARAV 11-139) HYUNDAI Sonata i-45 (YF) 2010-14;П198
1000026431313;Переходная рамка 2DIN 7 дюймов (CARAV 11-149) Peugeot (308) 2007-13 (408) 2011+;П200
1000026436288;Переходная рамка 2DIN 7 дюймов (CARAV 11-173) TOYOTA Avensis (T270) 2009-15;П202
1000026437254;Переходная рамка 2DIN 7 дюймов (CARAV 11-191) Kia Optima III (TF) K5 2010-13;П207
1000026437742;Переходная рамка 2DIN 7 дюймов (CARAV 11-274) Great Wall Hover H3 Hover H5 X240;П214
1000026438107;Переходная рамка 2DIN 7 дюймов (CARAV 11-332) Kia Sorento (XM) 2012-15;П216
1000026438275;Переходная рамка 2DIN 7 дюймов (CARAV 11-359) Mercedes-benz C-klasse (W204) 2007;П217
1000026438589;Переходная рамка 2DIN 7 дюймов (CARAV 11-435) Volkswagen Touareg 2010-14;П221
1000026438718;Переходная рамка 2DIN 7 дюймов (CARAV 11-438) Suzuki SX4 S Cross 2013+;П222
1000026439647;Переходная рамка 2DIN 7 дюймов (CARAV 11-441) Mitsubishi Lancer IХ 2000-10;П223
1000028900572;Переходная рамка 2DIN 7 дюймов (CARAV 11-451) Mercedes E (W211) 2002-09 CLS(С219) 2004-10;П224
1000026439807;Переходная рамка 2DIN 7 дюймов (CARAV 11-460) SKODA Fabia 2003-06;П229
1000026440346;Переходная рамка 2DIN 7 дюймов (CARAV 11-470) Chevrolet Cobalt Pontiac Saturn;П232
1000026441121;Переходная рамка 2DIN 7 дюймов (CARAV 11-490) Kia Cerato Forte 2013+ K3 2012+;П234
1000026442265;Переходная рамка 2DIN 7 дюймов (CARAV 11-636) Fiat Doblo 2015+;П240
1000026443255;Переходная рамка 2DIN 7 дюймов (CARAV 11-700) Mazda (3) 2004-2008 Axela 2006-2008;П248
1000043755997;Переходная рамка 2DIN 7 дюймов (CARAV 11-776) для Toyota Land Cruiser Prado 150 (09-13);П249
1000026443613;Переходная рамка 2DIN 7 дюймов (CARAV 11-791) Opel Astra (G) Corsa (C) Vectra С;П251
1000025754970;Переходная рамка 2DIN 7 дюймов (CARAV 11-815) Skoda Octavia (1Z) 2004-2009;П252
1000025756813;Переходная рамка 2DIN 7 дюймов (CARAV 11-816) Skoda Octavia (1Z) 2004-2009;П253
1000028807314;Переходная рамка 2DIN 7 дюймов Carav 11-140 для Hyundai Sonata i-45 (YF) 2010-14;П199
1000028810321;Переходная рамка 2DIN 7 дюймов Carav 11-169 для TOYOTA Camry;П201
1000028812882;Переходная рамка 2DIN 7 дюймов Carav 11-183 для Hyundai Elantra (MD) 2011-13;0
1000004247165;Переходная рамка 2din 7 дюймов Mercedes W168/W163/Passat/Golf IV/Polo/Fabia/Octavia 11-101;П190
1000004249176;Переходная рамка 2din 7 дюймов на Mercedes-Benz C-klasse(W203) CLK-klasse(W209) 11-459;П228
1000064257814;Переходная рамка 2DIN 9 дюймов (22-002) TOYOTA Land Cruiser Prado (120)/LEXUS GX470;П600
1000029106195;Переходная рамка 2DIN 9 дюймов (22-069) Hyundai Verna 2006-09 Accent (MC) 2006-12;П294
1000029770709;Переходная рамка 2DIN 9 дюймов (22-072) Kia Cerato (LD) 06-08 без климат контроля;П295
1000029897734;Переходная рамка 2DIN 9 дюймов (22-079) Mazda (2) Demio 2007-14;П297
1000029898335;Переходная рамка 2DIN 9 дюймов (22-080) Volkswagen Tiguan 07-11 Golf Plus 05-14;П298
1000064265369;Переходная рамка 2DIN 9 дюймов (22-081) MAZDA 3 (2004-2008);П592
1000029899691;Переходная рамка 2DIN 9 дюймов (22-082) Mazda (3) 2009-13 Axela 2009-2013;П299
1000029900960;Переходная рамка 2DIN 9 дюймов (22-093) Nissan X-Trail (T30) 2001-04;П300
1000029901554;Переходная рамка 2DIN 9 дюймов (22-095) Subaru Forester 2008-12 Impreza 2007-12;П301
1000031017649;Переходная рамка 2DIN 9 дюймов (22-1002) Kia Sportage 2005-2009;П302
1000031019049;Переходная рамка 2DIN 9 дюймов (22-1014) Chery Tiggo (T11) 2005-2013;П303
1000029902827;Переходная рамка 2DIN 9 дюймов (22-104) Kia Sportage (SL) 2010-16 с крепежом;П305
1000020490040;Переходная рамка 2DIN 9 дюймов (22-1050) Kia Rio K2 (2020+);П386
1000064265963;Переходная рамка 2DIN 9 дюймов (22-1057) CHEVROLET Lacetti /Genta (Кондиционер/Хетчбек);П602
1000031021363;Переходная рамка 2DIN 9 дюймов (22-1061) Honda Civic Sedan 2007-2011;П307
1000031805796;Переходная рамка 2DIN 9 дюймов (22-1066) Ford Fiesta 2005-2008;П308
1000026610114;Переходная рамка 2DIN 9 дюймов (22-107) Toyota 2017+ / универсальная;П309
1000026612286;Переходная рамка 2DIN 9 дюймов (22-1089) Skoda Rapid 2013+;П310
1000031806878;Переходная рамка 2DIN 9 дюймов (22-1095) Opel Astra (H)  Antara Corsa;П311
1000031807585;Переходная рамка 2DIN 9 дюймов (22-1110) Ford Transit CustomTourneo Custom 12-17;П312
1000031808575;Переходная рамка 2DIN 9 дюймов (22-1129) Kia Optima 2000-2005;П313
1000031811223;Переходная рамка 2DIN 9 дюймов (22-1133) Kia Optima (JF) K5 2015+;П314
1000026612453;Переходная рамка 2DIN 9 дюймов (22-1150) Toyota /универсальная / 200 x 100 mm;П315
1000020490460;Переходная рамка 2DIN 9 дюймов (22-1160) Hyundai Solaris (2020+);П387
1000020491351;Переходная рамка 2DIN 9 дюймов (22-1170) UAZ PatriotProfi (2017+);П388
1000020491504;Переходная рамка 2DIN 9 дюймов (22-1180) Lada Priora (07-14);П389
1000044150487;Переходная рамка 2DIN 9 дюймов (22-1283) Nissan Teana Altima 2012+;П406
1000044149979;Переходная рамка 2DIN 9 дюймов (22-1285) Toyota RAV4 2013-2019;П407
1000044157424;Переходная рамка 2DIN 9 дюймов (22-1297) Kia Sportage 2005-2009;П408
1000044172922;Переходная рамка 2DIN 9 дюймов (22-1310) Hyundai Accent (LC) 1999-2012 Verna (LC);П412
1000029908928;Переходная рамка 2DIN 9 дюймов (22-132) Mercedes W203 CL203 W209 W463;П317
1000044174667;Переходная рамка 2DIN 9 дюймов (22-1325) Nissan Murano 2008-2014;П414
1000029910402;Переходная рамка 2DIN 9 дюймов (22-140) Hyundai Sonata i-45 (YF) 2010-14;П318
1000064257418;Переходная рамка 2DIN 9 дюймов (22-1505) Toyota RAV4 (2003-2005);П607
1000064260678;Переходная рамка 2DIN 9 дюймов (22-1520) FORD Focus II (05-11) Кондиционер/Черная;П609
1000064267295;Переходная рамка 2DIN 9 дюймов (22-161) Renault Captur (2013-19);П613
1000064258866;Переходная рамка 2DIN 9 дюймов (22-1646) Газель Бизнес (2010+);П598
1000029924515;Переходная рамка 2DIN 9 дюймов (22-178) Nissan Sunny Latio Renault Scala;П321
1000029927790;Переходная рамка 2DIN 9 дюймов (22-191) Kia Optima (TF) K5 2010-13 руль слева;П322
1000029928810;Переходная рамка 2DIN 9 дюймов (22-193) Toyota Land Cruiser 100 (J105) 2003-08;П323
1000075784460;Переходная рамка 2DIN 9 дюймов (22-2003) Lada Priora 2013-2018;П401
1000029930400;Переходная рамка 2DIN 9 дюймов (22-209) Nissan Tiida 2004-11;П324
1000064267141;Переходная рамка 2DIN 9 дюймов (22-212) Renault Logan / Sandero (13-18);П616
1000029941000;Переходная рамка 2DIN 9 дюймов (22-266) Mitsubishi Pajero;П327
1000029942243;Переходная рамка 2DIN 9 дюймов (22-272) Mercedes Vito Viano W639 W203 W209 W463;П328
1000029956271;Переходная рамка 2DIN 9 дюймов (22-329) Renault LoganSandero Duster Lada Largus;П331
1000029958190;Переходная рамка 2DIN 9 дюймов (22-332) KIA Sorento (XM) 2012-15;П332
1000029965020;Переходная рамка 2DIN 9 дюймов (22-353) Peugeot (308) 2007-2013 (408) 2011+ серый;П335
1000064266946;Переходная рамка 2DIN 9 дюймов (22-363) RENAULT Megane (08-15) / Fluence (09-17);П618
1000029966898;Переходная рамка 2DIN 9 дюймов (22-378) Hyundai Sonata 2015-17 руль слева;0
1000029968052;Переходная рамка 2DIN 9 дюймов (22-394) KIA Cerato Forte 13+ K3 12+;П338
1000029970253;Переходная рамка 2DIN 9 дюймов (22-425) Chevrolet Cruze 2012+;П341
1000029973223;Переходная рамка 2DIN 9 дюймов (22-440) Toyota Camry 2006-11Aurion;П343
1000029974350;Переходная рамка 2DIN 9 дюймов (22-441) Mitsubishi Lancer IХ 2000-10;П344
1000025757438;Переходная рамка 2DIN 9 дюймов (22-451) Mercedes-Benz E (W211) CLS-klasse (C219);П345
1000025686127;Переходная рамка 2DIN 9 дюймов (22-452) Toyota Land Cruiser 100 1998-2002;П346
1000025686516;Переходная рамка 2DIN 9 дюймов (22-454) LIFAN X60 2011-17;П347
1000025686738;Переходная рамка 2DIN 9 дюймов (22-457) AUDI A4 (B6) 02-06A4 (B7) 02-07SEAT Exeo 2009-13;П348
1000025687049;Переходная рамка 2DIN 9 дюймов (22-458) Audi A6 (4B) 1997-05 Allroad 00-06;П349
1000025687582;Переходная рамка 2DIN 9 дюймов (22-459) Mercedes C/CLK/Viano/Vito;П350
1000025757865;Переходная рамка 2DIN 9 дюймов (22-460) Toyota Auris 2006-12;П351
1000025689586;Переходная рамка 2DIN 9 дюймов (22-481) HYUNDAI Elantra (XD) 2000-10 Avante (XD);П353
1000030488013;Переходная рамка 2DIN 9 дюймов (22-521) Nissan Almera Tiida X-Trail Qashqai Juke;П354
1000030490184;Переходная рамка 2DIN 9 дюймов (22-577) Kia Cerato Hatchback (LD) 2004-2006;П357
1000026610732;Переходная рамка 2DIN 9 дюймов (22-579) Kia Cerato Hatchback (LD) 2004-2006;П358
1000026611388;Переходная рамка 2DIN 9 дюймов (22-669) Kia Sorento (BL) 2006-2009;П366
1000030742702;Переходная рамка 2DIN 9 дюймов (22-680) Hyundai Elantra (HD)Avante (HD) 2006-10;П368
1000030750578;Переходная рамка 2DIN 9 дюймов (22-753) Great Wall Hover H3 2014+ Hover H5 2012+;П372
1000030751681;Переходная рамка 2DIN 9 дюймов (22-763) Chevrolet Captiva 2006-2011;П373
1000038976468;Переходная рамка 2DIN 9 дюймов (22-776) TOYOTA Avensis 2002-2008;П375
1000026611777;Переходная рамка 2DIN 9 дюймов (22-949) Hyundai Creta 2015-2021/ iX-25 2014+;П378
1000025755786;Переходная рамка 2DIN 9 дюймов (22-958) SUZUKI SX4 2006-14 FIAT Sedici 2005-14;П379
1000025755991;Переходная рамка 2DIN 9 дюймов (22-976) Kia Cerato Forte (BD)K3 2018+;П380
1000064245828;Переходная рамка 2DIN 9 дюймов (22-978) Toyota RAV4 (2006-2012);П619
1000029100728;Переходная рамка 2DIN 9 дюймов (CARAV 22-024) Toyota Land Cruiser Prado (150) 09-13;П432
1000064244678;Переходная рамка 2DIN 9 дюймов 22-1026 VOLKSWAGEN Touareg 2002-2010;П601
1000064258408;Переходная рамка 2DIN 9 дюймов 22-1144 TOYOTA Corolla E160 2012+;П603
1000064262603;Переходная рамка 2DIN 9 дюймов 22-1177 LADA Priora 2007-14;П604
1000044175299;Переходная рамка 2DIN 9 дюймов 22-1346 Nissan Terrano 2013+;П415
1000064258187;Переходная рамка 2DIN 9 дюймов 22-1493 TOYOTA Corolla E170 2016+;П606
1000064260845;Переходная рамка 2DIN 9 дюймов 22-1516 FORD Focus II 2005-11 Климат / Черная;П608
1000064259016;Переходная рамка 2DIN 9 дюймов 22-1544 Газель Next 2013+;П596
1000064264362;Переходная рамка 2DIN 9 дюймов 22-1575 LADA Priora 2013-18;П610
1000064262412;Переходная рамка 2DIN 9 дюймов 22-1590 LADA NIVA 2018+;П611
1000064264409;Переходная рамка 2DIN 9 дюймов 22-1600 LADA Priora 2013-18;П612
1000064257791;Переходная рамка 2DIN 9 дюймов 22-1621 TOYOTA Land Cruiser Prado 150 2020+;П614
1000064262306;Переходная рамка 2DIN 9 дюймов 22-183 HYUNDAI Elantra MD 10-13;П615
1000064265543;Переходная рамка 2DIN 9 дюймов 22-279 CHEVROLET Lacetti / RAVON Genta Климат / Хетчбек;П617
1000029965624;Переходная рамка 2DIN 9 дюймов 22-361 Renault Megane 2002-2009;П336
1000030500081;Переходная рамка 2DIN 9 дюймов 22-588 Suzuki Vitara 2015+;П359
1000064267264;Переходная рамка 2DIN 9 дюймов 22-691 LADA XRAY/RENAULT Duster 2010+ / Logan / Sandero;П090
1000064265284;Переходная рамка 2DIN 9 дюймов 22-973 KIA Sportage IV 2016-2023;П599
1000028812004;Переходная рамка 2DIN CARAV 11-174 для HONDA Civic Sedan 2011-13 7 дюймов ;П203
1000028814497;Переходная рамка 2DIN CARAV 11-194 для Mazda 6 2012-15 CX-5 2012-17 7 дюймов;П208
1000028898152;Переходная рамка 2DIN CARAV 11-207 для Skoda Octavia 1Z 2008-13 7 дюймов;П210
1000028899494;Переходная рамка 2DIN CARAV 11-296 для Ford Fusion 2009-12 7 дюймов ;П215
1000038994455;Переходная рамка 2DIN CARAV 11-394 7 дюймов для KIA Cerato K3 2013+;П219
1000028902989;Переходная рамка 2DIN CARAV 11-461 для Toyota Corolla 2013 + 7 дюймов;П230
1000028904303;Переходная рамка 2DIN CARAV 11-483 для Hyundai Elantra MD 2013-16 7 дюймов;П233
1000028905966;Переходная рамка 2DIN CARAV 11-588 для Suzuki Vitara 2015 + 7 дюймов;П237
1000028906819;Переходная рамка 2DIN CARAV 11-601 для Toyota Camry Aurion 2015-18 7 дюймов;П238
1000028908820;Переходная рамка 2DIN CARAV 11-647 для KIA Optima JF K5 2015 + 7 дюймов;П242
1000028909353;Переходная рамка 2DIN CARAV 11-658 для KIA Sorento UM 2014+ 7 дюймов;П243
1000028910601;Переходная рамка 2DIN CARAV 11-659 для Subaru Forester Impreza XV 7 дюймов;П244
1000028911714;Переходная рамка 2DIN CARAV 11-664 для Subaru Legacy Outback 2003-09 7 дюймов ;П246
1000029075729;Переходная рамка 2DIN CARAV 22-001 для Toyota Camry Aurion 101 дюймов;П119
1000029077600;Переходная рамка 2DIN CARAV 22-006 для Mitsubishi LancerХ Galant Fortis 101 дюймов;П120
1000031020854;Переходная рамка 2DIN Carav 22-1042 9 дюймов для Volkswagen Tiguan 2011-2015;П306
1000031021653;Переходная рамка 2DIN CARAV 22-1065 10.1 дюймов для Hyundai Tucson 2004-2009;П126
1000038979032;Переходная рамка 2DIN CARAV 22-1153 10.1 дюймов Mitsubishi Outlander (2020+);П127
1000031016055;Переходная рамка 2DIN Carav 22-784 9 дюймов для Hyundai Solaris 2017-2020;П376
1000040245439;Переходная рамка 2DIN Carav 22-814 9 дюймов для Citroen C4 2004-2010;П377
1000031017168;Переходная рамка 2DIN CARAV 22-932 9 дюймов для Subaru Forester Impreza XV;П150
1000030729468;Переходная рамка 2DIN Fiat Doblo 2015+ 9 дюймов 22-636;П362
1000030733151;Переходная рамка 2DIN Ford Focus 11+ 22-645 9 дюймов;П364
1000030730204;Переходная рамка 2DIN Mitsubishi L 20 Triton 2015-18 9 дюймов 22-637;П363
1000030739047;Переходная рамка 2DIN Renault Logan Tondar 90 Dacia 9 дюймов (22-674);П367
1000030721509;Переходная рамка 2DIN Skoda Kodiaq 22-594 101 дюймов;П146
1000030737005;Переходная рамка 2DIN Subaru Forester 12-16 Impreza XV 11-16 9 дюймов (22-659);П365
1000029104344;Переходная рамка 2DIN для Hyundai Tucson (TL) 2015-18 руль слева 9 дюймов 22-064;П292
1000029098841;Переходная рамка 2DIN для Mazda 6 2008-12 9 дюймов 22-011;П291
1000029105686;Переходная рамка 2DIN для Renault Duster 2015 Lada Largus 2021 9 дюймов 22-066;П293
1000029099701;Переходная рамка 2DIN для Toyota Corolla 13-16 руль слева 10.1 дюймов CARAV 22-013;П123
1000040938546;Переходная рамка CARAV 11-104 2DIN 7 дюймов для KIA Sportage III 2010-2016;П191
1000029903572;Переходная рамка CARAV 22-117 2 DIN 10.1 дюймов Honda Accord 08-12 Crosstour 12;П128
1000047822619;Переходная рамка CARAV 22-1301 Toyota Land Cruiser Prado 2 DIN 9 дюймов;П410
1000029926083;Переходная рамка CARAV 22-190 2 DIN 10.1 дюймов Toyota Land Cruiser 200 (V8);П136
1000029933265;Переходная рамка CARAV 22-243 2 DIN 10.1 дюймов Nissan X-Trail 2007-14;П137
1000029962739;Переходная рамка CARAV 22-344 2 DIN 10.1 дюймов Nissan X-Trail 2004-2007;П140
1000030749084;Переходная рамка Hyundai Santa Fe 2006-12 2 DIN 9 дюймов Carav 22-716;П371
1000030746403;Переходная рамка Mercedes-Benz C-klasse 2 DIN 9 дюймов 2007-2011 (22-702);П369
1000030747868;Переходная рамка Toyota Avensis 2 DIN 22-714 9 дюймов 2002-2008;П370
1000064154311;Переходная рамка Volkswagen Skoda Seat Carav 9 дюймов 2DIN 22-1490;П605
1000029102951;Переходная рамка для Toyota Land Cruiser 200 (V8) 2015+ 2DIN 9 дюймов 22-026;П289
1000029101626;Переходная рамка для Toyota Land Cruiser Prado 150 17+ 2DIN 10.1 дюймов CARAV 22-025;П124
1000004247059;Переходная универсальная рамка для установки автомагнитолы 1-DIN Carav (11-439);П111
1000004250981;Переходник для магнитол ISO (12-001) евро разъем / питание+акустика;П441
1000004251049;Переходник для магнитол ISO (12-003) BMW 1987+  / LAND ROVER 2001+;П443
1000004251070;Переходник для магнитол ISO (12-004) BMW 2000+ / LAND ROVER 2001+;П444
1000004251100;Переходник для магнитол ISO (12-005) Ssang Yong 2002+  / Daewoo 1997+;П445
1000004251131;Переходник для магнитол ISO (12-006) Chevrolet 2006-2011 / Opel GT 2007+;П446
1000004251179;Переходник для магнитол ISO (12-007) Chrysler 2001+  / Jeep 2002+;П447
1000004251209;Переходник для магнитол ISO (12-011) Honda 2006+ / Mitsubishi 2007+;П450
1000004251216;Переходник для магнитол ISO (12-013) HYUNDAI 1998+ / KIA 1994+;П452
1000012533274;Переходник для магнитол ISO (12-015) Mazda 2001+;П454
1000004251285;Переходник для магнитол ISO (12-016) Mazda 1987-2001;П455
1000012865450;Переходник для магнитол ISO (12-017) Mitsubishi 1995+;П456
1000004251308;Переходник для магнитол ISO (12-018) Nissan 1999+;П457
1000004251414;Переходник для магнитол ISO (12-020) Nissan 2003+;П459
1000004251438;Переходник для магнитол ISO (12-021) Renault Traffic 2014+ / Subaru 1992+;П460
1000012533359;Переходник для магнитол ISO (12-022) Toyota 1984+ / Lexus 1991+;П461
1000004251469;Переходник для магнитол ISO (12-023) Ford 2003+;П462
1000004251483;Переходник для магнитол ISO (12-024) Mercedes-Benz 2004+ /Opel 2003+;П463
1000004251490;Переходник для магнитол ISO (12-025) Volkswagen 2002+ Audi 2000+ Skoda Seat 2004+;П464
1000004251544;Переходник для магнитол ISO (12-026) Citroen 2003+  / Peugeot 2004+;П465
1000004251568;Переходник для магнитол ISO (12-027) Renault 2009+;П466
1000004251599;Переходник для магнитол ISO (12-029) Honda 2008+;П468
1000004251773;Переходник для магнитол ISO (12-030) Mitsubishi Peugeot Citroen;П469
1000004251803;Переходник для магнитол ISO (12-031) Chevrolet 2009+ / Opel 2009+;П470
1000004251858;Переходник для магнитол ISO (12-033) Hyundai 2009+ / KIA 2010+;П435
1000004251933;Переходник для магнитол ISO (12-035) FORD Fusion 2002-05 Fiesta LAND ROVER Freelander;П436
1000004251957;Переходник для магнитол ISO (12-036) Subaru 2007+ / Nissan 2006+;П473
1000004251964;Переходник для магнитол ISO (12-038) Volvo 1998+;П475
1000004251995;Переходник для магнитол ISO (12-039) Hyndai 2009+/ Kia 2010+;П437
1000004252008;Переходник для магнитол ISO (12-040) Ford 2011+/ Land Rover 2011+;П476
1000004252121;Переходник для магнитол ISO (12-043) Renault Dacia;П479
1000004252145;Переходник для магнитол ISO (12-044) HYUNDAI 2017+ / KIA 2017+;П480
1000004252152;Переходник для магнитол ISO (12-101) HYUNDAI 2009+/KIA 2010+ ISO (female) - штатный разъем;П438
1000004252435;Переходник для магнитол ISO (12-133) HYUNDAI 2009+/KIA 2010+ ISO (female) - штатный разъем;П544
1000004252169;Переходник для магнитол ISO (12-225) Volkswagen 2002+ Audi Skoda 2004+;П439
1000004252183;Переходник для магнитол ISO (12-233) Hyundai 2009+ / Kia 2010+;П440
1000026444115;Переходник для магнитол ISO (CARAV 12-009) Ford Jaguar Nissan MazdaMercuryLincoln;П448
1000026444320;Переходник для магнитол ISO (CARAV 12-014) Hyundai 2004+ / Kia 2004+;П453
1000028922505;Переходник для магнитол ISO (CARAV 12-019) Nissan 1993+;П458
1000028924523;Переходник для магнитол ISO (CARAV 12-028) Volvo 1993+;П467
1000028926541;Переходник для магнитол ISO (CARAV 12-032) VOLVO 2002+;П471
1000028927395;Переходник для магнитол ISO (CARAV 12-034) Chrysler Jeep Wrangler 2007+ Dodge;П472
1000029039110;Переходник для магнитол ISO (CARAV 12-203) BMW 1983+LAND ROVER 2001+ROVER 1999+ MINI;П481
1000026502341;Переходник для магнитол ISO (CARAV 12-206) Chevrolet 2006-2011 / Opel GT 2007+;П484
1000029039691;Переходник для магнитол ISO (CARAV 12-207) Chrysler 2001+ Jeep 2002+;П485
1000029042608;Переходник для магнитол ISO (CARAV 12-209) Ford 1985-05 Jaguar 1987-2001 Lincoln 1986-02;П487
1000026502600;Переходник для магнитол ISO (CARAV 12-213) Hyundai 1998+ / Kia 1994+;П492
1000029045692;Переходник для магнитол ISO (CARAV 12-215) Mazda 2001+;П493
1000029047016;Переходник для магнитол ISO (CARAV 12-218) Nissan 1999+;П496
1000029048808;Переходник для магнитол ISO (CARAV 12-222) Toyota 1984+ Lexus 1991+ Daihatsu 1985+;П499
1000029049638;Переходник для магнитол ISO (CARAV 12-224) Mercedes-Benz 2004+ Opel 2003+;П500
1000029051693;Переходник для магнитол ISO (CARAV 12-229) Honda 2008+;П503
1000026504093;Переходник для магнитол ISO (CARAV 12-231) Chevrolet 2009+ / Opel 2009+;П505
1000029052720;Переходник для магнитол ISO (CARAV 12-234) Chrysler 2007+ Dodge 2008+Jeep Wrangler 2007+;П507
1000029053536;Переходник для магнитол ISO (CARAV 12-235) Ford Fusion 02-05 Fiesta Land Rover Freelande;П508
1000029054410;Переходник для магнитол ISO (CARAV 12-243) Renault 2012+Lada XRAY 2015+ Largus 2012+;П512
1000004251025;Переходник для магнитол ISO 12-002 евро-разъем питание и акустика;П442
1000028931583;Переходник для магнитол ISO AUX (CARAV 12-046) Volkswagen Audi Skoda Seat;П513
1000028929887;Переходник для магнитол ISO AUX+USB Carav 12-045 для Hyundai 2017+ Kia 2017+;П514
1000028913923;Переходник для магнитол ISO Carav 12-012 для Honda Suzuki Acura Fiat Opel Nissan;П451
1000028928972;Переходник для магнитол ISO Carav 12-041 Caddillac 1992-2001 Oldsmobile 1994-2002;П477
1000029043704;Переходник для магнитол ISO CARAV 12-210 на Honda 1988-1998;П489
1000029046286;Переходник для магнитол ISO CARAV 12-216 для Mazda 1987-2001;П494
1000029048297;Переходник для магнитол ISO CARAV 12-219 для Nissan 1993+;П497
1000029050931;Переходник для магнитол ISO CARAV 12-228 для Volvo 1993+;П502
1000029052287;Переходник для магнитол ISO CARAV 12-232 для Volvo 2002+;П506
1000029053895;Переходник для магнитол ISO Carav 12-238 для Volvo 1998;П510
1000038958822;"Переходник для магнитол планшетного типа Carav 16-010 7"" 9"" 10.1"" для Mitsubishi ";П047
1000004252398;Переходник для магнитол штатный ISO (12-106) Chevrolet 2006-2011 / Opel GT 2007+;П517
1000004252404;Переходник для магнитол штатный ISO (12-122) TOYOTA 1984+ / LEXUS;П532
1000004252411;Переходник для магнитол штатный ISO (12-123) FORD 2003+;П533
1000004252428;Переходник для магнитол штатный ISO (12-125) Volkswagen 2002+ / Audi - Skoda - Seat;П535
1000004252442;Переходник для магнитол штатный ISO (12-143) Renault 2012+  / Dacia 2011+;П551
1000028933921;Переходник для магнитол штатный ISO (CARAV 12-107) Chrysler 2001+ Jeep 2002+;П518
1000026500903;Переходник для магнитол штатный ISO (CARAV 12-121) Subaru 1992+ / Renault Traffic 2014+;П531
1000026501436;Переходник для магнитол штатный ISO (CARAV 12-126) Citroen 2003+/Peugeot все модели с MOST;П536
1000038992444;Переходник для магнитол штатный ISO (CARAV 12-131) CHEVROLET 2009+ OPEL 2009+;П541
1000038977656;Переходник для магнитол штатный ISO (CARAV 12-138) VOLVO 1998+;П548
1000028933143;Переходник для магнитол штатный ISO Carav 12-105 для Daewoo SsangYong;П516
1000028936816;Переходник для магнитол штатный ISO Carav 12-108 для Chrysler Jeep Dodge;П519
1000028940134;Переходник для магнитол штатный ISO Carav 12-110 для Honda 1988-1998;П521
1000028942527;Переходник для магнитол штатный ISO CARAV 12-113 на Hyundai 1998+ KIA 1994+;П524
1000028944316;Переходник для магнитол штатный ISO Carav 12-115 для Mazda 2001+;П525
1000028946495;Переходник для магнитол штатный ISO Carav 12-116 для Mazda 1987-2001;П526
1000028946990;Переходник для магнитол штатный ISO CARAV 12-117 Mitsubishi 1995+;П527
1000028947485;Переходник для магнитол штатный ISO CARAV 12-118 на Nissan 1999+;П528
1000028952687;Переходник для магнитол штатный ISO CARAV 12-124 на Mercedes 2004+ Opel 2003+;П534
1000028953172;Переходник для магнитол штатный ISO CARAV 12-127 на Renault 2009+;П537
1000028954063;Переходник для магнитол штатный ISO CARAV 12-128 на VOLVO 1993+;П538
1000028955305;Переходник для магнитол штатный ISO Carav 12-129 для Honda 2008+;П539
1000028956067;Переходник для магнитол штатный ISO CARAV 12-130 на Mitsubishi Peugeot Citroen;П540
1000028958061;Переходник для магнитол штатный ISO Carav 12-132 для VOLVO 2002+;П543
1000028960651;Переходник для магнитол штатный ISO CARAV 12-134 на Chrysler Jeep Dodge;П545
1000028961351;Переходник для магнитол штатный ISO CARAV 12-135 на Ford Land Rover;П546
1000029038045;Переходник для магнитол штатный ISO CARAV 12-141 на CADILLAC 1992-01 OLDSMOBILE 1994-02;П549
1000043879945;"Переходник для подключения магнитол 7"" 9"" 10.1"" BMW 3 Series X1 Carav 16-047";0
1000038940209;"Переходник для подключения магнитол 7"" 9"" 10.1"" Carav 16-017 LADA XRAY 2015+ ";П053
1000043768775;"Переходник для подключения магнитол 7"" 9"" 10.1"" Dacia Renault Carav 16-033";П074
1000038944757;"Переходник для подключения магнитол 7"" 9"" 10.1"" HYUNDAI 2009+/KIA Carav (16-004)";П041
1000038972415;"Переходник для подключения магнитол 7"" 9"" 10.1"" HYUNDAI 2009+/KIA Carav 16-006";П043
1000038932785;"Переходник для подключения магнитол 7"" 9"" 10.1"" KIA Hyundai Carav (16-005)";П042
1000038965936;"Переходник для подключения магнитол 7"" 9"" 10.1"" LADA Vesta 2015+ Carav 16-018";П054
1000043843397;"Переходник для подключения магнитол 7"" 9"" 10.1"" Mitsubishi Pajero Sport Carav 16-041";П068
1000038961754;"Переходник для подключения магнитол 7"" 9"" 10.1"" Suzuki Honda Carav 16-012";П049
1000038965042;"Переходник для подключения магнитол 7"" 9"" 10.1"" Toyota Lexus Daihatsu Carav (16-014)";П051
1000043882419;"Переходник для подключения магнитол 7"" 9"" 10.1"" Volkswagen Skoda Seat Carav 16-056";П073
1000043883058;"Переходник для подключения магнитол 7"" 9"" 10.1"" Volkswagen Touareg Carav 16-057";П059
1000038946157;"Переходник для подключения магнитол Carav 16-009 7"" 9"" 10.1"" Mitsubishi 2007+ ";П046
1000038933577;"Переходник для подключения магнитол Carav 16-011 7"" 9"" 10.1"" для Mitsubishi";П048
1000038941114;"Переходник для подключения магнитол Carav 16-022 7"" 9"" 10.1"" LADA Granta (2018+) ";П055
1000043785505;"Переходник для подключения магнитол Volkswagen AudiSkodaSeat 7"" 9"" 10.1"" Carav 16-039";П067
1000043759339;"Переходник для подключения магнитол планшетного типа 7"" 9"" 10.1"" BMW Carav 16-026";П063
1000043881382;"Переходник для подключения магнитол планшетного типа 7"" 9"" 10.1"" BMW X3 Carav 16-048";П072
1000038970749;"Переходник для подключения магнитол планшетного типа 7"" 9"" 10.1"" Ford Carav (16-001)";П038
1000038943262;"Переходник для подключения магнитол планшетного типа 7"" 9"" 10.1"" Honda Carav 16-003";П040
1000043845797;"Переходник для подключения магнитол планшетного типа 7"" 9"" 10.1"" Honda Carav 16-042";П069
1000043766702;"Переходник для подключения магнитол планшетного типа 7"" 9"" 10.1"" Mazda Carav 16-029";П061
1000043765460;"Переходник для подключения магнитол планшетного типа 7"" 9"" 10.1"" Mercedes Carav 16-027";П060
1000038947970;"Переходник для подключения магнитол планшетного типа 7"" 9"" 10.1"" Nissan Carav (16-008)";П045
1000038963291;"Переходник для подключения магнитол планшетного типа 7"" 9"" 10.1"" Toyota Carav (16-013)";П050
1000043779498;"Переходник для подключения магнитол планшетного типа 7"" 9"" 10.1"" Toyota Carav 16-037";П065
1000043847203;"Переходник для подключения магнитол планшетного типа 7"" 9"" 10.1"" Toyota Carav 16-045";П070
1000038974693;"Переходник для подключения магнитол планшетного типа 7"" 9"" 10.1"" на Mazda Carav 16-007";П044
1000038967367;"Переходник для подключения магнитол планшетного типа 7""9""10.1"" Hyundai KIA Carav 16-023";П056
1000043767709;"Переходник для подключения магнитол планшетного типа KIA Hyundai 7""9""10.1"" Carav 16-031";П062
1000043777203;"Переходник для подключения магнитол планшетного типа Mitsubishi 7"" 9"" 10.1"" Carav 16-036";П064
1000004252473;Переходник для подключения штатной антенны к магнитоле (13-001) Hyundai 2008+ / Kia 2008+;П554
1000012534868;Переходник для подключения штатной антенны к магнитоле (13-002) Honda Acura MazdaSuzuki;П555
1000012534950;Переходник для подключения штатной антенны к магнитоле (13-005) Volvo 1998+;П558
1000004252770;Переходник для подключения штатной антенны к магнитоле (13-007) AUDI/MERCEDES/SKODA/BMW;П552
1000004252824;Переходник для подключения штатной антенны к магнитоле (13-008) Audi / Mercedes/Skoda/BMW;П559
1000004253098;Переходник для подключения штатной антенны к магнитоле (13-011) Toyota 2009+ /Subaru 2012+;П562
1000004253135;Переходник для подключения штатной антенны к магнитоле (13-014) Chrysler / Ford/Jeep;П563
1000004253234;Переходник для подключения штатной антенны к магнитоле (13-016) AUDI/SKODA/VW/BMW/FORD;П576
1000012535186;Переходник для подключения штатной антенны к магнитоле (13-017) HONDA 2010+ / ACURA 2010+;П565
1000004253241;Переходник для подключения штатной антенны к магнитоле (13-111) TOYOTA 2009+/ SUBARU 2012+;П573
1000029054878;Переходник для подключения штатной антенны к магнитоле (CARAV 13-003) Nissan 2007+;П556
1000029070854;Переходник для подключения штатной антенны к магнитоле CARAV 13-103 Nissan 2007+ GT13(m);П571
1000029072612;Переходник для подключения штатной антенны к магнитоле CARAV 13-117 Honda Acura;П575
1000038939098;"Переходник для установки магнитол Carav 16-016 7"" 9"" 10.1"" LADA Granta 2011-2017 ";П052
1000038942852;"Переходник для установки магнитол планшетного типа Carav 16-002 на 7"" 9"" 10.1"" Honda ";П039
1000067389000;Проводной автомобильный пылесос Carprime P0332;ПЛ06
1000067388416;Проводной автомобильный пылесос Carprime P2088;ПЛ07
1000067390365;Проводной автомобильный пылесос Carprime P2808;ПЛ08
1000064889404;Пусковое устройство для аккумуляторов FOXSUR FJS-600;ЗУ007
1000064889121;Пусковое устройство для аккумуляторов FOXSUR FJS-700;ЗУ008
1000064888629;Пусковое устройство для аккумуляторов FOXSUR FJS-800;ЗУ009
1000003415749;Разветвитель прикуривателя USAMS 2 USB 5V-3.1А 12-24В;АК032
1000004235070;Разъем Carav (15-003) для магнитолы Kenwood DPX- KDC- KMD- KRC- PS- Z-series / JVC KD- KS;П029
1000004235551;Разъем Carav (15-008) для магнитолы Audiovox/AEG/Clatronic/Foryou/Mystery/Prology/Elenberg;П030
1000004235582;Разъем Carav (15-010) для подключения автомагнитолы Sony CDX- DSX- MEX-series 2013+;П023
1000004235759;Разъем Carav (15-011) для магнитолы Audiovox/AEG/Clatronic/Foryou/Mystery/Prology/Elenberg;П031
1000004235766;Разъем Carav (15-101) для магнитолы Alpine CDA- CDE- CDM- CVA- IDA- INA-TDA-TDE-TDM-series;П024
1000004236268;Разъем CARAV (15-103) для магнитолы Kenwood DPX/KDC/KMD/KRC/PS/Z-series JVC KD/KS-series;П032
1000004236305;Разъем Carav (15-106) для магнитолы Pioneer DEH P-series;П034
1000004236336;Разъем Carav (15-107) для магнитолы Pioneer DEH-series 2010+;П026
1000004236343;Разъем Carav (15-108) для магнитолы Audiovox/AEG/Clatronic/Foryou/Mystery/Prology/Elenberg;П035
1000004236350;Разъем Carav (15-109) для магнитолы Sony CD/CDX/MD/MDX/MEX/WX/XR/XT JVC KD/KS/KW-series;П036
1000004236534;Разъем Carav (15-110) для магнитолы Sony CDX- DSX- MEX-series;П037
1000004236558;Разъем Carav (15-111) для магнитолы Audiovox/AEG/Clatronic/Foryou/Mystery/Prology/Elenberg;П027
1000004235568;Разъем для магнитолы (15-009) SONY CD- CDX- MD- MDX- MEX- WX- XR- XT-JVC KD- KS- KW-;П022
1000026609347;Разъем для магнитолы mini-ISO (15-203) AUDI Chorus 1/2 Concert 1/2 Symphony 1/2;П028
1000004235544;Разъем для магнитолы Pioneer DEH-series 2010+ Carav (15-007);П021
1000004235032;Разъем для подключения автомагнитолы (15-002) Clarion AX- DB- DXZ- MRX- PX-series;П017
1000004235100;Разъем для подключения автомагнитолы (15-004) LG (GoldStar) TCC-series;П018
1000004235537;Разъем для подключения автомагнитолы Pioneer DEH P-series (15-006);П020
1000004235001;Разъем для подключения камеры заднего вида к штатному дисплею (15-202) Mini-ISO;П006
1000067164188;Рамка номерного знака для камеры заднего вида;КМ058
1000003344483;Силиконовый чехол для  ключа  Peugeot (1040);Ч0746
1000003332640;Силиконовый чехол для выкидного ключа Audi (946);Ч0830
1000003362296;Силиконовый чехол для выкидного ключа Chery (959);Ч0841
1000003345916;Силиконовый чехол для выкидного ключа Chevrolet  (1105);Ч0782
1000003342502;Силиконовый чехол для выкидного ключа Chevrolet (1005);Ч0714
1000003363460;Силиконовый чехол для выкидного ключа Chevrolet (987);Ч0862
1000003361978;Силиконовый чехол для выкидного ключа Chevrolet Cruze (941);Ч0825
1000003361985;Силиконовый чехол для выкидного ключа Chevrolet Malibu (942);Ч0826
1000003292425;Силиконовый чехол для выкидного ключа Citroen (006);Ч0687
1000003345602;Силиконовый чехол для выкидного ключа Citroen (1097);Ч0776
1000003347255;Силиконовый чехол для выкидного ключа Citroen C-Quatre C-Triomphe C4 C5 (Sedan) (937);Ч0821
1000003347248;Силиконовый чехол для выкидного ключа Citroen C-Quatre C-TriompheC4C5 (Hatchback) (936);Ч0820
1000003347385;Силиконовый чехол для выкидного ключа Ford 12 new (940);Ч0824
1000003343158;Силиконовый чехол для выкидного ключа Ford 13 New Focus (1018);Ч0726
1000003347309;Силиконовый чехол для выкидного ключа Ford Focus Fiesta Mondeo 939;Ч0823
1000003362371;Силиконовый чехол для выкидного ключа Geely (965);Ч0844
1000003362159;Силиконовый чехол для выкидного ключа Great Wall (953);Ч0837
1000003346111;Силиконовый чехол для выкидного ключа Honda 11 Civic (905);Ч0794
1000003342960;Силиконовый чехол для выкидного ключа Honda Crider Foldet (1013);Ч0722
1000003342427;Силиконовый чехол для выкидного ключа Hyundai Accent (1002);Ч0712
1000003346852;Силиконовый чехол для выкидного ключа Hyundai Elantra I30  IX30 (925);Ч0809
1000003343233;Силиконовый чехол для выкидного ключа Hyundai IX35  (1023);Ч0731
1000003292012;Силиконовый чехол для выкидного ключа Hyundai New IX35 (001);Ч0682
1000003291893;Силиконовый чехол для выкидного ключа Hyundai Solaris (012);Ч0693
1000003346869;Силиконовый чехол для выкидного ключа Hyundai Verna (926);Ч0810
1000003332404;Силиконовый чехол для выкидного ключа Kia (022);Ч0703
1000003345565;Силиконовый чехол для выкидного ключа Kia K2  K5;Ч0774
1000003347149;Силиконовый чехол для выкидного ключа Kia Sportage K2 K5  (932);Ч0816
1000003346913;Силиконовый чехол для выкидного ключа Kia Sportage Rio 2017 Sorento Soul Optima (929);Ч0813
1000003363620;Силиконовый чехол для выкидного ключа Lada Vesta Веста X-Ray Икс-Рей;Ч0869
1000003363637;Силиконовый чехол для выкидного ключа Lada Vesta Веста X-Ray Икс-Рей;Ч0870
1000003363699;Силиконовый чехол для выкидного ключа Lada Vesta Веста X-Ray Икс-Рей;Ч0876
1000003363682;Силиконовый чехол для выкидного ключа Lada Vesta Веста X-Ray Икс-Рей;Ч0875
1000003363644;Силиконовый чехол для выкидного ключа Lada Vesta Веста X-Ray Икс-Рей;Ч0871
1000003363651;Силиконовый чехол для выкидного ключа Lada Vesta Веста X-Ray Икс-Рей;Ч0872
1000003363668;Силиконовый чехол для выкидного ключа Lada Vesta Веста X-Ray Икс-Рей;Ч0873
1000003363675;Силиконовый чехол для выкидного ключа Lada Vesta Веста X-Ray Икс-Рей;Ч0874
1000003363705;Силиконовый чехол для выкидного ключа Lada Vesta Веста X-Ray Икс-Рей;Ч0877
1000003362982;Силиконовый чехол для выкидного ключа Land Rover (971);Ч0850
1000003362005;Силиконовый чехол для выкидного ключа Mazda (949);Ч0833
1000003362029;Силиконовый чехол для выкидного ключа Mazda (950);Ч0834
1000003345527;Силиконовый чехол для выкидного ключа Nissan (1081);Ч0770
1000003343097;Силиконовый чехол для выкидного ключа Opel Antara (1014);Ч0723
1000003342953;Силиконовый чехол для выкидного ключа Opel Insignia Meriva Zafira (1012);Ч0721
1000003344490;Силиконовый чехол для выкидного ключа Peugeot (1041);Ч0747
1000003347156;Силиконовый чехол для выкидного ключа Peugeot 307 (933);Ч0817
1000003347217;Силиконовый чехол для выкидного ключа Peugeot 408 (934);Ч0818
1000003347231;Силиконовый чехол для выкидного ключа Peugeot 508 (935);Ч0819
1000020488634;Силиконовый чехол для выкидного ключа Renault (029);Ч0709
1000003292463;Силиконовый чехол для выкидного ключа Skoda (010);Ч0691
1000003332688;Силиконовый чехол для выкидного ключа Skoda (947);Ч0831
1000003291770;Силиконовый чехол для выкидного ключа Skoda 011;Ч0692
1000003343462;Силиконовый чехол для выкидного ключа Toyota (1035);Ч0741
1000003345480;Силиконовый чехол для выкидного ключа Toyota (1076);Ч0766
1000003345381;Силиконовый чехол для выкидного ключа Toyota Rav4 (1075);Ч0765
1000003292456;Силиконовый чехол для выкидного ключа Volkswagen   (009);Ч0690
1000003291718;Силиконовый чехол для выкидного ключа Volkswagen Amarok Transporter (008);Ч0689
1000003346494;Силиконовый чехол для выкидного ключа Volkswagen Bora Classic (913);Ч0802
1000003363491;Силиконовый чехол для выкидного ключа Volkswagen BoraPassatGolfPoloLavidaTiguan (993);Ч0863
1000003346074;Силиконовый чехол для ключа Honda AccordFit Crv Civic Spirior Odyssey City (902);Ч0791
1000003346098;Силиконовый чехол для ключа Honda AccordFIT CRV Civic Spirior Odyssey City (903);Ч0792
1000003362470;Силиконовый чехол для ключа Lexus (969);Ч0848
1000006253423;Силиконовый чехол для ключа Renault (025);Ч0705
1000003346265;Силиконовый чехол для ключа Toyota Camry Reiz Crown (911);Ч0800
1000003346159;Силиконовый чехол для ключа Toyota Corolla RAV4 Vios Yaris (909);Ч0798
1000003342809;Силиконовый чехол для смар ключа Nissan (1010);Ч0719
1000003292685;Силиконовый чехол для смарт ключа  Mercedes-Benz  (018);Ч0699
1000003292081;Силиконовый чехол для смарт ключа Audi (945);Ч0829
1000003346005;Силиконовый чехол для смарт ключа BMW (1112);Ч0788
1000076255709;Силиконовый чехол для смарт ключа Changan UNI-K UNI-V CS35 (034);Ч0890
1000076255938;Силиконовый чехол для смарт ключа Chery Exeed RXTiggo 8 PRO7 PRO (035);Ч0891
1000003292067;Силиконовый чехол для смарт ключа Chevrolet (944);Ч0828
1000003345619;Силиконовый чехол для смарт ключа Citroen (1098);Ч0777
1000003343110;Силиконовый чехол для смарт ключа Ford 13 New Focus (1017);Ч0725
1000003347262;Силиконовый чехол для смарт ключа Ford Mondeo (938);Ч0822
1000003292494;Силиконовый чехол для смарт ключа Hyundai (013);Ч0694
1000003292791;Силиконовый чехол для смарт ключа Hyundai (021);Ч0702
1000003346746;Силиконовый чехол для смарт ключа Hyundai IX35New Sonata (924);Ч0808
1000003343257;Силиконовый чехол для смарт ключа Hyundai New IX35  (1024);Ч0732
1000003292043;Силиконовый чехол для смарт ключа Hyundai NEW IX35 (002);Ч0683
1000003346890;Силиконовый чехол для смарт ключа Hyundai Smart IX45 New Santa Fe  (927);Ч0811
1000003363002;Силиконовый чехол для смарт ключа Infiniti (973);Ч0852
1000003363521;Силиконовый чехол для смарт ключа Jaguar №997;Ч0866
1000003342946;Силиконовый чехол для смарт ключа Jeep Chrysler Dodge (1011);Ч0720
1000003292708;Силиконовый чехол для смарт ключа KIA (019);Ч0700
1000003363163;Силиконовый чехол для смарт ключа Kia Elantra Tucsun NF Sportage Cerato Soul (982);0
1000003345558;Силиконовый чехол для смарт ключа Kia K3 (1092);Ч0773
1000003346906;Силиконовый чехол для смарт ключа Kia K3 (928);Ч0812
1000003346937;Силиконовый чехол для смарт ключа Kia K5 (930);Ч0814
1000003346944;Силиконовый чехол для смарт ключа Kia Sportage K2 K5 (931);Ч0815
1000003362999;Силиконовый чехол для смарт ключа Land Rover (972);Ч0851
1000003363453;Силиконовый чехол для смарт ключа Land Rover (986);Ч0861
1000003362975;Силиконовый чехол для смарт ключа Lexus (970);Ч0849
1000003363545;Силиконовый чехол для смарт ключа Lexus 13 new ES300H 350 250 GS250 350 450 (999);Ч0868
1000003343103;Силиконовый чехол для смарт ключа Lexus ES240 ES350 RX270 RX350 (1016);Ч0724
1000003345954;Силиконовый чехол для смарт ключа Mazda  (1108);Ч0784
1000003362388;Силиконовый чехол для смарт ключа Mercedes (966);Ч0845
1000003345992;Силиконовый чехол для смарт ключа Mercedes-Benz (1111);Ч0787
1000003345978;Силиконовый чехол для смарт ключа Mercedes-Benz 1110;Ч0786
1000003344650;Силиконовый чехол для смарт ключа Mercedes-Benz C200 GLK300 R350 (1049);Ч0752
1000003362050;Силиконовый чехол для смарт ключа Mitsubishi Lancer Galant (951);Ч0835
1000003344629;Силиконовый чехол для смарт ключа New Suzuki Swift 1047;Ч0751
1000003345534;Силиконовый чехол для смарт ключа Nissan (1082);Ч0771
1000003346579;Силиконовый чехол для смарт ключа Nissan Teana Livina Tiida Versa Qashqai (917);Ч0806
1000003292180;Силиконовый чехол для смарт ключа Renault (004);Ч0685
1000003292449;Силиконовый чехол для смарт ключа Renault (007);Ч0688
1000006253393;Силиконовый чехол для смарт ключа Renault (024);Ч0704
1000011989430;Силиконовый чехол для смарт ключа Renault (026);Ч0706
1000003344674;Силиконовый чехол для смарт ключа Renault (1054);Ч0753
1000003344698;Силиконовый чехол для смарт ключа Renault (1055);Ч0754
1000003344803;Силиконовый чехол для смарт ключа Renault Duster (1056);Ч0755
1000018540580;Силиконовый чехол для смарт ключа Skoda (028);Ч0708
1000003363439;Силиконовый чехол для смарт ключа Suzuki (984);Ч0860
1000003362319;Силиконовый чехол для смарт ключа Suzuki №964;Ч0843
1000003343592;Силиконовый чехол для смарт ключа Toyota  (1037);Ч0743
1000003292517;Силиконовый чехол для смарт ключа Toyota (014);Ч0695
1000003292531;Силиконовый чехол для смарт ключа Toyota (016);Ч0697
1000003292548;Силиконовый чехол для смарт ключа Toyota (017);Ч0698
1000003343196;Силиконовый чехол для смарт ключа Toyota (1020);Ч0728
1000003343202;Силиконовый чехол для смарт ключа Toyota (1021);Ч0729
1000003343417;Силиконовый чехол для смарт ключа Toyota (1031);Ч0737
1000003345183;Силиконовый чехол для смарт ключа Toyota (1068);Ч0760
1000003363132;Силиконовый чехол для смарт ключа Toyota (979);Ч0855
1000003346128;Силиконовый чехол для смарт ключа Toyota 12Highlander Crown Rav4 (906);Ч0795
1000003342434;Силиконовый чехол для смарт ключа Toyota Camry (1004);Ч0713
1000003342540;Силиконовый чехол для смарт ключа Toyota Camry 7 RAV4 (1008);Ч0717
1000003346272;Силиконовый чехол для смарт ключа Toyota Camry Crown (912);Ч0801
1000003346135;Силиконовый чехол для смарт ключа Toyota Camry Highlander Land CruiserCrown (907);Ч0796
1000003342533;Силиконовый чехол для смарт ключа Toyota exported (1007);Ч0716
1000003291923;Силиконовый чехол для смарт ключа Toyota Land Cruiser (015);Ч0696
1000003346142;Силиконовый чехол для смарт ключа Toyota Reiz smart Rav4 Reiz Yaris (908);Ч0797
1000003346258;Силиконовый чехол для смарт ключа Toyota Two-part Camry:HighlanderVersoYarisPrado (910);Ч0799
1000003346524;Силиконовый чехол для смарт ключа Volkswagen CC Magotan (915);Ч0804
1000003346500;Силиконовый чехол для смарт ключа Volkswagen New Touareg  (914);Ч0803
1000003362395;Силиконовый чехол для смарт-ключа BMW (967);Ч0846
1000003362463;Силиконовый чехол для смарт-ключа BMW 968;Ч0847
1000072231752;Силиконовый чехол для смарт-ключа Geely Coolray / Atlas (033);Ч0887
1000003363507;Силиконовый чехол для смарт-ключа Mitsubishi (994);Ч0864
1000060479333;Силиконовый чехол для смарт-ключа Renault / Volkswagen / Skoda (032);Ч0889
1000002089422;Стекло на брелок от Alligator S800/825/850/875;СТ08
1000002098264;Стекло на брелок от Cenmax VIG V10D/ ST10D (Ж/К);СТ13
1000002098141;Стекло на брелок от Cenmax Vig V-5A/ST-5A (Ж/К);СТ12
1000002098271;Стекло на брелок от Cenmax Vigilant V7A/ST7A (Ж/К);СТ32
1000002098295;Стекло на брелок от Cenmax Vigilant V8A/ST8A (Ж/К);СТ33
1000002098325;Стекло на брелок от Jaguar  Ez-one/Three/Beta/Alfa/5/6;СТ14
1000002089521;Стекло на брелок от Leopard 70/10  90/10;СТ15
1000002089866;Стекло на брелок от PANDORA 2500/Deluxe1870 i;СТ16
1000002103531;Стекло на брелок от Scher-Khan 3/4 (Magicar);СТ22
1000002103647;Стекло на брелок от Scher-Khan 5/6;СТ23
1000002103777;Стекло на брелок от Scher-Khan 7-12;СТ24
1000002103494;Стекло на брелок от Scher-Khan Logicar 1/2/3/4;СТ21
1000002103791;Стекло на брелок от Scher-Khan Magicar A/B;СТ25
1000002098691;Стекло на брелок от Sheriff  ZX940/1090;СТ20
1000002098349;Стекло на брелок от Sheriff ZX1055;СТ34
1000002090305;Стекло на брелок от Starline A61/91;СТ07
1000002090480;Стекло на брелок от Starline B62/92/94;СТ10
1000002089934;Стекло на брелок от Starline А4/6/8/9;СТ02
1000002089941;Стекло на брелок от Starline А62/92/94;СТ03
1000002090152;Стекло на брелок от Starline А63/93;СТ04
1000002090244;Стекло на брелок от Starline Е60/Е90;СТ05
1000002090299;Стекло на брелок от Starline С4/6/9;СТ06
1000002103838;Стекло на брелок от Tomahawk TW9010/20/30 узкая антенна;СТ26
1000002103913;Стекло на брелок от Tomahawk TW9010/20/30 широкая антенна;СТ27
1000002103920;Стекло на брелок от Tomahawk TZ9010/20/30;СТ28
1000002103975;Стекло на брелок от Tomahawk X3/5;СТ29
1000054358026;Термосумка 16 л;АК061
1000054357975;Термосумка 16 л;АК057
1000054357982;Термосумка 16 л;АК058
1000054358002;Термосумка 16 л;АК060
1000054358019;Термосумка 16 л;АК056
1000064121580;Термосумка 16 л;АК005
1000054360050;Термосумка с аккумулятором холода 16 литров;АК053
1000054360067;Термосумка с аккумулятором холода 16 литров;АК054
1000054360074;Термосумка с аккумулятором холода 16 литров;АК050
1000054360036;Термосумка с аккумулятором холода 16 литров;АК051
1000054360043;Термосумка с аккумулятором холода 16 литров;АК052
1000054360081;Термосумка с аккумулятором холода 16 литров;АК055
1000026605813;Универсальная корзина для установки 1-DIN автомагнитолы (CARAV 14-102);П112
1000064145616;Универсальная рамка 2 DIN Carav 11-901;П593
1000064151303;Универсальная рамка 2 DIN Carav 11-902;П594
1000064152270;Универсальная рамка 2 DIN Carav 11-903;П595
1000075758119;Фильтр от помех для камеры заднего вида;КМ062
1000000987515;Чехол брелка сигнализации  от Scher-khan Magicar 13/14 силиконовый;Ч0216
1000000987539;Чехол брелка сигнализации  от Scher-khan Magicar 13/14 силиконовый;Ч0218
1000000987546;Чехол брелка сигнализации  от Scher-khan Magicar 13/14 силиконовый;Ч0214
1000000987553;Чехол брелка сигнализации  от Scher-khan Magicar 13/14 силиконовый;Ч0215
1000000987522;Чехол брелка сигнализации  от Scher-khan Magicar 13/14 силиконовый;Ч0217
1000000976861;Чехол брелка сигнализации  от Scher-Khan Magicar 7/8/9/10/11/12 силиконовый;Ч0247
1000000976816;Чехол брелка сигнализации  от Scher-Khan Magicar 7/8/9/10/11/12 силиконовый;Ч0251
1000000976823;Чехол брелка сигнализации  от Scher-Khan Magicar 7/8/9/10/11/12 силиконовый;Ч0248
1000000976830;Чехол брелка сигнализации  от Scher-Khan Magicar 7/8/9/10/11/12 силиконовый;Ч0252
1000000976847;Чехол брелка сигнализации  от Scher-Khan Magicar 7/8/9/10/11/12 силиконовый;Ч0245
1000000976854;Чехол брелка сигнализации  от Scher-Khan Magicar 7/8/9/10/11/12 силиконовый;Ч0246
1000000976878;Чехол брелка сигнализации  от Scher-Khan Magicar 7/8/9/10/11/12 силиконовый;Ч0243
1000000976885;Чехол брелка сигнализации  от Scher-Khan Magicar 7/8/9/10/11/12 силиконовый;Ч0244
1000000976892;Чехол брелка сигнализации  от Scher-Khan Magicar 7/8/9/10/11/12 силиконовый;Ч0249
1000000976908;Чехол брелка сигнализации  от Scher-Khan Magicar 7/8/9/10/11/12 силиконовый;Ч0250
1000001288734;Чехол брелка сигнализации кожа черная от Bruin 950/970/1000;Ч0033
1000001288758;Чехол брелка сигнализации кожа черная от Cenmax vigilant ST-5/ST-10;Ч0034
1000001288772;Чехол брелка сигнализации кожа черная от Cenmax Vigilant ST5A;Ч0035
1000001288802;Чехол брелка сигнализации кожа черная от Cenmax Vigilant ST8;Ч0036
1000000976670;Чехол брелка сигнализации от Pandora DX90 DX91 D010 D022 силиконовый;Ч0204
1000000976687;Чехол брелка сигнализации от Pandora DX90 DX91 D010 D022 силиконовый;Ч0197
1000000976694;Чехол брелка сигнализации от Pandora DX90 DX91 D010 D022 силиконовый;Ч0198
1000000976700;Чехол брелка сигнализации от Pandora DX90 DX91 D010 D022 силиконовый;Ч0199
1000000976717;Чехол брелка сигнализации от Pandora DX90 DX91 D010 D022 силиконовый;Ч0195
1000000976724;Чехол брелка сигнализации от Pandora DX90 DX91 D010 D022 силиконовый;Ч0196
1000000976748;Чехол брелка сигнализации от Pandora DX90 DX91 D010 D022 силиконовый;Ч0202
1000001801513;Чехол брелка сигнализации от Pandora DX90 DX91 D010 D022 силиконовый;Ч0200
1000001801520;Чехол брелка сигнализации от Pandora DX90 DX91 D010 D022 силиконовый;Ч0203
1000000976731;Чехол брелка сигнализации от Pandora DX90 DX91 D010 D022 силиконовый;Ч0201
1000001002002;Чехол брелка сигнализации от PanteraSLK600/625/650 и Alligator S800/825/850/875силиконовый;Ч0419
1000001001968;Чехол брелка сигнализации от PanteraSLK600/625/650 и Alligator S800/825/850/875силиконовый;Ч0428
1000001002033;Чехол брелка сигнализации от PanteraSLK600/625/650 и Alligator S800/825/850/875силиконовый;Ч0426
1000001001951;Чехол брелка сигнализации от PanteraSLK600/625/650 и Alligator S800/825/850/875силиконовый;Ч0424
1000001001982;Чехол брелка сигнализации от PanteraSLK600/625/650 и Alligator S800/825/850/875силиконовый;Ч0422
1000001002026;Чехол брелка сигнализации от PanteraSLK600/625/650 и Alligator S800/825/850/875силиконовый;Ч0425
1000001002019;Чехол брелка сигнализации от PanteraSLK600/625/650 и Alligator S800/825/850/875силиконовый;Ч0420
1000001001944;Чехол брелка сигнализации от PanteraSLK600/625/650 и Alligator S800/825/850/875силиконовый;Ч0427
1000001001975;Чехол брелка сигнализации от PanteraSLK600/625/650 и Alligator S800/825/850/875силиконовый;Ч0421
1000001001999;Чехол брелка сигнализации от PanteraSLK600/625/650 и Alligator S800/825/850/875силиконовый;Ч0423
1000000984095;Чехол брелка сигнализации от Scher-Khan Magicar А/В силиконовый;Ч0275
1000000984118;Чехол брелка сигнализации от Scher-Khan Magicar А/В силиконовый;Ч0273
1000000984125;Чехол брелка сигнализации от Scher-Khan Magicar А/В силиконовый;Ч0274
1000000984088;Чехол брелка сигнализации от Scher-Khan Magicar А/В силиконовый;Ч0281
1000000984101;Чехол брелка сигнализации от Scher-Khan Magicar А/В силиконовый;Ч0276
1000000984149;Чехол брелка сигнализации от Scher-Khan Magicar А/В силиконовый;Ч0279
1000000984064;Чехол брелка сигнализации от Scher-Khan Magicar А/В силиконовый;Ч0280
1000000984071;Чехол брелка сигнализации от Scher-Khan Magicar А/В силиконовый;Ч0277
1000000984132;Чехол брелка сигнализации от Scher-Khan Magicar А/В силиконовый;Ч0278
1000000976939;Чехол брелка сигнализации от Scher-Khan Mobicar 1/2/A/B силиконовый;Ч0272
1000000976953;Чехол брелка сигнализации от Scher-Khan Mobicar 1/2/A/B силиконовый;Ч0266
1000000976960;Чехол брелка сигнализации от Scher-Khan Mobicar 1/2/A/B силиконовый;Ч0267
1000000976984;Чехол брелка сигнализации от Scher-Khan Mobicar 1/2/A/B силиконовый;Ч0264
1000000976991;Чехол брелка сигнализации от Scher-Khan Mobicar 1/2/A/B силиконовый;Ч0269
1000000977004;Чехол брелка сигнализации от Scher-Khan Mobicar 1/2/A/B силиконовый;Ч0270
1000001801209;Чехол брелка сигнализации от Scher-Khan Mobicar 1/2/A/B силиконовый;Ч0268
1000001801216;Чехол брелка сигнализации от Scher-Khan Mobicar 1/2/A/B силиконовый;Ч0271
1000000976946;Чехол брелка сигнализации от Scher-Khan Mobicar 1/2/A/B силиконовый;Ч0265
1000000976977;Чехол брелка сигнализации от Scher-Khan Mobicar 1/2/A/B силиконовый;Ч0263
1000000982558;Чехол брелка сигнализации от Starline B62/B92/B64/B94 силиконовый;Ч0323
1000000982480;Чехол брелка сигнализации от Starline B62/B92/B64/B94 силиконовый;Ч0330
1000000982497;Чехол брелка сигнализации от Starline B62/B92/B64/B94 силиконовый;Ч0327
1000000982510;Чехол брелка сигнализации от Starline B62/B92/B64/B94 силиконовый;Ч0324
1000000982527;Чехол брелка сигнализации от Starline B62/B92/B64/B94 силиконовый;Ч0325
1000000982534;Чехол брелка сигнализации от Starline B62/B92/B64/B94 силиконовый;Ч0326
1000000982541;Чехол брелка сигнализации от Starline B62/B92/B64/B94 силиконовый;Ч0322
1000000982565;Чехол брелка сигнализации от Starline B62/B92/B64/B94 силиконовый;Ч0328
1000000982572;Чехол брелка сигнализации от Starline B62/B92/B64/B94 силиконовый;Ч0329
1000000982503;Чехол брелка сигнализации от Starline B62/B92/B64/B94 силиконовый;Ч0331
1000000975420;Чехол брелка сигнализации от Starline B9 B6 A91 А61 силиконовый;Ч0317
1000000975437;Чехол брелка сигнализации от Starline B9 B6 A91 А61 силиконовый;Ч0321
1000000975444;Чехол брелка сигнализации от Starline B9 B6 A91 А61 силиконовый;Ч0314
1000000975451;Чехол брелка сигнализации от Starline B9 B6 A91 А61 силиконовый;Ч0315
1000000975468;Чехол брелка сигнализации от Starline B9 B6 A91 А61 силиконовый;Ч0316
1000000975475;Чехол брелка сигнализации от Starline B9 B6 A91 А61 силиконовый;Ч0312
1000000975482;Чехол брелка сигнализации от Starline B9 B6 A91 А61 силиконовый;Ч0313
1000000975499;Чехол брелка сигнализации от Starline B9 B6 A91 А61 силиконовый;Ч0318
1000000975505;Чехол брелка сигнализации от Starline B9 B6 A91 А61 силиконовый;Ч0319
1000001002248;Чехол брелка сигнализации от Starline B9 B6 A91 А61 силиконовый;Ч0320
1000000980042;Чехол брелка сигнализации от Starline А63/А93/А39/А36 силиконовый;Ч0306
1000000980059;Чехол брелка сигнализации от Starline А63/А93/А39/А36 силиконовый;Ч0302
1000000980066;Чехол брелка сигнализации от Starline А63/А93/А39/А36 силиконовый;Ч0303
1000000980080;Чехол брелка сигнализации от Starline А63/А93/А39/А36 силиконовый;Ч0309
1000000979992;Чехол брелка сигнализации от Starline А63/А93/А39/А36 силиконовый;Ч0310
1000000980004;Чехол брелка сигнализации от Starline А63/А93/А39/А36 силиконовый;Ч0307
1000000980035;Чехол брелка сигнализации от Starline А63/А93/А39/А36 силиконовый;Ч0305
1000000980073;Чехол брелка сигнализации от Starline А63/А93/А39/А36 силиконовый;Ч0308
1000000980028;Чехол брелка сигнализации от Starline А63/А93/А39/А36 силиконовый;Ч0304
1000000980011;Чехол брелка сигнализации от Starline А63/А93/А39/А36 силиконовый;Ч0311
1000000980691;Чехол брелка сигнализации от Starline Е60/90/91/93 силиконовый;Ч0333
1000000980622;Чехол брелка сигнализации от Starline Е60/90/91/93 силиконовый;Ч0340
1000000980639;Чехол брелка сигнализации от Starline Е60/90/91/93 силиконовый;Ч0337
1000000980646;Чехол брелка сигнализации от Starline Е60/90/91/93 силиконовый;Ч0341
1000000980653;Чехол брелка сигнализации от Starline Е60/90/91/93 силиконовый;Ч0334
1000000980660;Чехол брелка сигнализации от Starline Е60/90/91/93 силиконовый;Ч0335
1000000980677;Чехол брелка сигнализации от Starline Е60/90/91/93 силиконовый;Ч0336
1000000980684;Чехол брелка сигнализации от Starline Е60/90/91/93 силиконовый;Ч0332
1000000980707;Чехол брелка сигнализации от Starline Е60/90/91/93 силиконовый;Ч0338
1000000980714;Чехол брелка сигнализации от Starline Е60/90/91/93 силиконовый;Ч0339
1000000988000;Чехол брелка сигнализации от Tomahawk TZ 9010/9020/9030 силиконовый;Ч0390
1000000987959;Чехол брелка сигнализации от Tomahawk TZ 9010/9020/9030 силиконовый;Ч0397
1000000987966;Чехол брелка сигнализации от Tomahawk TZ 9010/9020/9030 силиконовый;Ч0394
1000000987973;Чехол брелка сигнализации от Tomahawk TZ 9010/9020/9030 силиконовый;Ч0398
1000000987980;Чехол брелка сигнализации от Tomahawk TZ 9010/9020/9030 силиконовый;Ч0392
1000000987997;Чехол брелка сигнализации от Tomahawk TZ 9010/9020/9030 силиконовый;Ч0393
1000000988017;Чехол брелка сигнализации от Tomahawk TZ 9010/9020/9030 силиконовый;Ч0391
1000000988024;Чехол брелка сигнализации от Tomahawk TZ 9010/9020/9030 силиконовый;Ч0395
1000000988031;Чехол брелка сигнализации от Tomahawk TZ 9010/9020/9030 силиконовый;Ч0396
1000024597035;Чехол для брелка Scher-Khan Mobicar 1/2/A/B плетенка без пленки экокожа красная нить;Ч0106
1000003370697;Чехол для брелка Starline A91 А61 (кожаный плетенка) №509;Ч0005
1000001293233;Чехол для брелка кобура черная Jaguar Ez-one/Ez-beta/Ez-three/Alpha;Ч0047
1000001341149;Чехол для брелка кожа красная нить с защитной пленкой на Starline B6/B9/A61/A91;Ч0132
1000001335032;Чехол для брелка кожа черная Alligator D-950/970/975/1000/1100;Ч0101
1000001311906;Чехол для брелка кожа черная Alligator M-1500/1700/2000/2200;Ч0096
1000001334851;Чехол для брелка кожа черная Alligator S-400/450/500/800/825/850/875;Ч0097
1000001334936;Чехол для брелка кожа черная Alligator SP-75RS;Ч0098
1000001335063;Чехол для брелка кожа черная Alligator TD-350;Ч0102
1000001335018;Чехол для брелка кожа черная Alligator С-200/С-300;Ч0099
1000001335025;Чехол для брелка кожа черная Alligator С-500;Ч0100
1000001288970;Чехол для брелка кожа черная Cenmax Vigilant V10-D/ST10-D;Ч0040
1000001288994;Чехол для брелка кожа черная Cenmax Vigilant V11-D/ST11-D;Ч0041
1000001288826;Чехол для брелка кожа черная Cenmax Vigilant V-6/ST-6;Ч0037
1000001288932;Чехол для брелка кожа черная Cenmax Vigilant V-7A/ST-7;Ч0038
1000001288956;Чехол для брелка кожа черная Cenmax Vigilant V-8A/ST-8A new;Ч0039
1000001289007;Чехол для брелка кожа черная Centurion IS-10;Ч0042
1000001293127;Чехол для брелка кожа черная Centurion Twist Tango;Ч0044
1000001293189;Чехол для брелка кожа черная Centurion Twist Tango New;Ч0045
1000001293219;Чехол для брелка кожа черная Centurion Twist Tango ver.3;Ч0046
1000001293240;Чехол для брелка кожа черная Jaguar EZ-ULTRA /EZ-10/EZ-7 и Pantera PR-1/PR-6;Ч0048
1000001293387;Чехол для брелка кожа черная KGB EX-7/FX-8/FX-10;Ч0049
1000001293394;Чехол для брелка кожа черная KGB FX-3-5-7;Ч0050
1000001293424;Чехол для брелка кожа черная Leopard 90/10 EC 70/10 EC;Ч0051
1000001818108;Чехол для брелка кожа черная Mongoose EMS 1.7/1.9;Ч0054
1000001293547;Чехол для брелка кожа черная Pandora 2500 De Lux 1870i/ 2100;Ч0056
1000001293561;Чехол для брелка кожа черная Pandora 3000 /3100/3210/3250/3500/3700;Ч0057
1000001293585;Чехол для брелка кожа черная Pandora 3900/3950;Ч0058
1000001293592;Чехол для брелка кожа черная Pandora 3970/D600;Ч0059
1000001293608;Чехол для брелка кожа черная Pandora 4970;Ч0060
1000001293615;Чехол для брелка кожа черная Pandora 5000;Ч0061
1000001293639;Чехол для брелка кожа черная Pantera SLK 500/525/550;Ч0063
1000001293646;Чехол для брелка кожа черная Pantera SLK 600/620/675RS/468/868RS/775RS;Ч0064
1000001293837;Чехол для брелка кожа черная Scher-khan 13/14;Ч0066
1000001293844;Чехол для брелка кожа черная Scher-khan 3-4;Ч0067
1000001293868;Чехол для брелка кожа черная Scher-khan 5/6;Ч0068
1000001293875;Чехол для брелка кожа черная Scher-khan 7-12;Ч0069
1000001293905;Чехол для брелка кожа черная Scher-khan A / B;Ч0070
1000001293912;Чехол для брелка кожа черная Scher-khan Logikar 1/2/3/4;Ч0071
1000001293950;Чехол для брелка кожа черная Scher-khan Logikar A/B;Ч0072
1000001293967;Чехол для брелка кожа черная Scher-khan Mobicar 1/2/A/B;Ч0074
1000064876077;Чехол для брелка кожа черная Scher-khan X1/X2;Ч0155
1000001311258;Чехол для брелка кожа черная Sheriff ZX 750/1070;Ч0075
1000001311265;Чехол для брелка кожа черная Sheriff ZX 930;Ч0076
1000001311272;Чехол для брелка кожа черная Sheriff ZX 940 / 1090;Ч0077
1000001311340;Чехол для брелка кожа черная Starline A4/A6/A8/А9;Ч0078
1000001311425;Чехол для брелка кожа черная Starline A61/A91;Ч0079
1000001311456;Чехол для брелка кожа черная Starline A62/A92/A64/A94;Ч0080
1000001311463;Чехол для брелка кожа черная Starline B6/B9;Ч0081
1000001311517;Чехол для брелка кожа черная Starline B62 / B92;Ч0082
1000001311609;Чехол для брелка кожа черная Starline C4/C6/C9;Ч0083
1000001311623;Чехол для брелка кожа черная Starline D64 /D94/D95;Ч0084
1000001311630;Чехол для брелка кожа черная Starline E60/E90/Е61/Е91;Ч0085
1000001311654;Чехол для брелка кожа черная Starline А63 / A93;Ч0086
1000001311685;Чехол для брелка кожа черная Tomahawk 7.1/7.3/9.3/9.5;Ч0087
1000001311692;Чехол для брелка кожа черная Tomahawk 7.2/9.7/9.9;Ч0088
1000001311746;Чехол для брелка кожа черная Tomahawk S700/SL-950;Ч0089
1000001311777;Чехол для брелка кожа черная Tomahawk TW 7000/7010/9000/9010/9020/9030 узкая антенна;Ч0090
1000001311784;Чехол для брелка кожа черная Tomahawk TW New 7000/7010/9000/9010/9020/9030 широкая антенна;Ч0091
1000001311791;Чехол для брелка кожа черная Tomahawk TZ 9010/9020/9030;Ч0092
1000001311807;Чехол для брелка кожа черная Tomahawk X3/X5;Ч0093
1000001311814;Чехол для брелка кожа черная Tomahawk Z3/Z5;Ч0094
1000001311821;Чехол для брелка кожа черная Сталкер MS-600;Ч0095
1000024596403;Чехол для брелка красная нить с защитной пленкой Pandora DX-90 / DXL4950;Ч0123
1000005986537;Чехол для брелка сигнализации Cenmax ST-5А / V-5A силиконовый;Ч0443
1000005986476;Чехол для брелка сигнализации Cenmax ST-5А / V-5A силиконовый;Ч0437
1000005986483;Чехол для брелка сигнализации Cenmax ST-5А / V-5A силиконовый;Ч0438
1000005986490;Чехол для брелка сигнализации Cenmax ST-5А / V-5A силиконовый;Ч0439
1000005986520;Чехол для брелка сигнализации Cenmax ST-5А / V-5A силиконовый;Ч0442
1000005986506;Чехол для брелка сигнализации Cenmax ST-5А / V-5A силиконовый;Ч0440
1000005986551;Чехол для брелка сигнализации Cenmax ST-5А / V-5A силиконовый;Ч0445
1000004384525;Чехол для брелка сигнализации силиконовый Alligator D-1100;Ч0417
1000006524325;Чехол для брелка сигнализации силиконовый Alligator D-1100;Ч0418
1000004384518;Чехол для брелка сигнализации силиконовый Alligator D-1100;Ч0415
1000006524332;Чехол для брелка сигнализации силиконовый Alligator D-1100;Ч0409
1000006524349;Чехол для брелка сигнализации силиконовый Alligator D-1100;Ч0410
1000004384495;Чехол для брелка сигнализации силиконовый Alligator D-1100;Ч0412
1000006524363;Чехол для брелка сигнализации силиконовый Alligator D-1100;Ч0413
1000006524370;Чехол для брелка сигнализации силиконовый Alligator D-1100;Ч0416
1000005984519;Чехол для брелка сигнализации силиконовый Cenmax ST-5/ST-10;Ч0432
1000005984540;Чехол для брелка сигнализации силиконовый Cenmax ST-5/ST-10;Ч0435
1000005984502;Чехол для брелка сигнализации силиконовый Cenmax ST-5/ST-10;Ч0436
1000005984533;Чехол для брелка сигнализации силиконовый Cenmax ST-5/ST-10;Ч0434
1000005984526;Чехол для брелка сигнализации силиконовый Cenmax ST-5/ST-10;Ч0433
1000005903831;Чехол для брелка сигнализации силиконовый Cenmax ST-7А/V-7A;Ч0456
1000005903848;Чехол для брелка сигнализации силиконовый Cenmax ST-7А/V-7A;Ч0447
1000005903893;Чехол для брелка сигнализации силиконовый Cenmax ST-7А/V-7A;Ч0454
1000004384020;Чехол для брелка сигнализации силиконовый Cenmax ST-7А/V-7A;Ч0453
1000004384006;Чехол для брелка сигнализации силиконовый Cenmax ST-7А/V-7A;Ч0450
1000004384013;Чехол для брелка сигнализации силиконовый Cenmax ST-7А/V-7A;Ч0452
1000004384037;Чехол для брелка сигнализации силиконовый Cenmax ST-7А/V-7A;Ч0455
1000005903367;Чехол для брелка сигнализации силиконовый Cenmax ST-8А/V-8A;Ч0466
1000005903374;Чехол для брелка сигнализации силиконовый Cenmax ST-8А/V-8A;Ч0457
1000005903398;Чехол для брелка сигнализации силиконовый Cenmax ST-8А/V-8A;Ч0459
1000004384242;Чехол для брелка сигнализации силиконовый Cenmax ST-8А/V-8A;Ч0463
1000004384259;Чехол для брелка сигнализации силиконовый Cenmax ST-8А/V-8A;Ч0465
1000005903404;Чехол для брелка сигнализации силиконовый Cenmax ST-8А/V-8A;Ч0460
1000004384235;Чехол для брелка сигнализации силиконовый Cenmax ST-8А/V-8A;Ч0462
1000004384693;Чехол для брелка сигнализации силиконовый KGB FX-10;Ч0183
1000006273018;Чехол для брелка сигнализации силиконовый KGB FX-10;Ч0178
1000006273032;Чехол для брелка сигнализации силиконовый KGB FX-10;Ч0180
1000000976229;Чехол для брелка сигнализации силиконовый Pandora 3000 / 3100/ 3300 / 3500;Ч0194
1000000976205;Чехол для брелка сигнализации силиконовый Pandora 3000 / 3100/ 3300 / 3500;Ч0193
1000000976212;Чехол для брелка сигнализации силиконовый Pandora 3000 / 3100/ 3300 / 3500;Ч0190
1000000976236;Чехол для брелка сигнализации силиконовый Pandora 3000 / 3100/ 3300 / 3500;Ч0187
1000000976243;Чехол для брелка сигнализации силиконовый Pandora 3000 / 3100/ 3300 / 3500;Ч0188
1000000976267;Чехол для брелка сигнализации силиконовый Pandora 3000 / 3100/ 3300 / 3500;Ч0185
1000000976274;Чехол для брелка сигнализации силиконовый Pandora 3000 / 3100/ 3300 / 3500;Ч0186
1000000976281;Чехол для брелка сигнализации силиконовый Pandora 3000 / 3100/ 3300 / 3500;Ч0191
1000000976298;Чехол для брелка сигнализации силиконовый Pandora 3000 / 3100/ 3300 / 3500;Ч0192
1000000976250;Чехол для брелка сигнализации силиконовый Pandora 3000 / 3100/ 3300 / 3500;Ч0189
1000006526428;Чехол для брелка сигнализации силиконовый Pandora DXL 2500 Deluxe 1870i;Ч0205
1000007319241;Чехол для брелка сигнализации силиконовый Pandora DXL 2500 Deluxe 1870i;Ч0209
1000006526435;Чехол для брелка сигнализации силиконовый Pandora DXL 2500 Deluxe 1870i;Ч0206
1000006526442;Чехол для брелка сигнализации силиконовый Pandora DXL 2500 Deluxe 1870i;Ч0207
1000006526466;Чехол для брелка сигнализации силиконовый Pandora DXL 2500 Deluxe 1870i;Ч0210
1000006526480;Чехол для брелка сигнализации силиконовый Pandora DXL 2500 Deluxe 1870i;Ч0212
1000006526411;Чехол для брелка сигнализации силиконовый Pandora DXL 2500 Deluxe 1870i;Ч0213
1000006526459;Чехол для брелка сигнализации силиконовый Pandora DXL 2500 Deluxe 1870i;Ч0208
1000006526473;Чехол для брелка сигнализации силиконовый Pandora DXL 2500 Deluxe 1870i;Ч0211
1000000979657;Чехол для брелка сигнализации силиконовый Scher-Khan Logicar 1 2 3 4 5i 6i;Ч0257
1000000979664;Чехол для брелка сигнализации силиконовый Scher-Khan Logicar 1 2 3 4 5i 6i;Ч0253
1000000979701;Чехол для брелка сигнализации силиконовый Scher-Khan Logicar 1 2 3 4 5i 6i;Ч0262
1000000979626;Чехол для брелка сигнализации силиконовый Scher-Khan Logicar 1 2 3 4 5i 6i;Ч0258
1000000979640;Чехол для брелка сигнализации силиконовый Scher-Khan Logicar 1 2 3 4 5i 6i;Ч0256
1000000979671;Чехол для брелка сигнализации силиконовый Scher-Khan Logicar 1 2 3 4 5i 6i;Ч0254
1000000979619;Чехол для брелка сигнализации силиконовый Scher-Khan Logicar 1 2 3 4 5i 6i;Ч0261
1000000979688;Чехол для брелка сигнализации силиконовый Scher-Khan Logicar 1 2 3 4 5i 6i;Ч0259
1000000979695;Чехол для брелка сигнализации силиконовый Scher-Khan Logicar 1 2 3 4 5i 6i;Ч0260
1000000979633;Чехол для брелка сигнализации силиконовый Scher-Khan Logicar 1 2 3 4 5i 6i;Ч0255
1000000984002;Чехол для брелка сигнализации силиконовый Scher-Khan Magicar 3/4;Ч0227
1000000984026;Чехол для брелка сигнализации силиконовый Scher-Khan Magicar 3/4;Ч0225
1000000984019;Чехол для брелка сигнализации силиконовый Scher-Khan Magicar 3/4;Ч0224
1000000984033;Чехол для брелка сигнализации силиконовый Scher-Khan Magicar 3/4;Ч0229
1000000984040;Чехол для брелка сигнализации силиконовый Scher-Khan Magicar 3/4;Ч0230
1000000983975;Чехол для брелка сигнализации силиконовый Scher-Khan Magicar 3/4;Ч0228
1000000983999;Чехол для брелка сигнализации силиконовый Scher-Khan Magicar 3/4;Ч0226
1000000983968;Чехол для брелка сигнализации силиконовый Scher-Khan Magicar 3/4;Ч0231
1000000979039;Чехол для брелка сигнализации силиконовый Scher-Khan Magicar 5/6;Ч0241
1000000979046;Чехол для брелка сигнализации силиконовый Scher-Khan Magicar 5/6;Ч0238
1000000979053;Чехол для брелка сигнализации силиконовый Scher-Khan Magicar 5/6;Ч0242
1000000979077;Чехол для брелка сигнализации силиконовый Scher-Khan Magicar 5/6;Ч0236
1000000979084;Чехол для брелка сигнализации силиконовый Scher-Khan Magicar 5/6;Ч0237
1000000979091;Чехол для брелка сигнализации силиконовый Scher-Khan Magicar 5/6;Ч0233
1000000979107;Чехол для брелка сигнализации силиконовый Scher-Khan Magicar 5/6;Ч0234
1000000979114;Чехол для брелка сигнализации силиконовый Scher-Khan Magicar 5/6;Ч0239
1000000979121;Чехол для брелка сигнализации силиконовый Scher-Khan Magicar 5/6;Ч0240
1000000979060;Чехол для брелка сигнализации силиконовый Scher-Khan Magicar 5/6;Ч0235
1000000983463;Чехол для брелка сигнализации силиконовый Starline C4/С6/С9;Ч0347
1000000983449;Чехол для брелка сигнализации силиконовый Starline C4/С6/С9;Ч0345
1000000983425;Чехол для брелка сигнализации силиконовый Starline C4/С6/С9;Ч0350
1000000983456;Чехол для брелка сигнализации силиконовый Starline C4/С6/С9;Ч0342
1000000983470;Чехол для брелка сигнализации силиконовый Starline C4/С6/С9;Ч0348
1000000983487;Чехол для брелка сигнализации силиконовый Starline C4/С6/С9;Ч0343
1000000983418;Чехол для брелка сигнализации силиконовый Starline C4/С6/С9;Ч0346
1000000983432;Чехол для брелка сигнализации силиконовый Starline C4/С6/С9;Ч0344
1000000983401;Чехол для брелка сигнализации силиконовый Starline C4/С6/С9;Ч0349
1000000983586;Чехол для брелка сигнализации силиконовый Starline А4/А6/А8/А9;Ч0291
1000000983616;Чехол для брелка сигнализации силиконовый Starline А4/А6/А8/А9;Ч0286
1000000983562;Чехол для брелка сигнализации силиконовый Starline А4/А6/А8/А9;Ч0290
1000000983593;Чехол для брелка сигнализации силиконовый Starline А4/А6/А8/А9;Ч0284
1000000983609;Чехол для брелка сигнализации силиконовый Starline А4/А6/А8/А9;Ч0285
1000000983623;Чехол для брелка сигнализации силиконовый Starline А4/А6/А8/А9;Ч0282
1000000983630;Чехол для брелка сигнализации силиконовый Starline А4/А6/А8/А9;Ч0283
1000000983647;Чехол для брелка сигнализации силиконовый Starline А4/А6/А8/А9;Ч0288
1000000983654;Чехол для брелка сигнализации силиконовый Starline А4/А6/А8/А9;Ч0289
1000000983579;Чехол для брелка сигнализации силиконовый Starline А4/А6/А8/А9;Ч0287
1000006526817;Чехол для брелка сигнализации силиконовый Tomahawk 9.7 G9000;Ч0365
1000006526824;Чехол для брелка сигнализации силиконовый Tomahawk 9.7 G9000;Ч0366
1000006526855;Чехол для брелка сигнализации силиконовый Tomahawk 9.7 G9000;Ч0369
1000006526800;Чехол для брелка сигнализации силиконовый Tomahawk 9.7 G9000;Ч0364
1000006526831;Чехол для брелка сигнализации силиконовый Tomahawk 9.7 G9000;Ч0367
1000000980424;Чехол для брелка сигнализации силиконовый Tomahawk TW 9010/9020/9030 с узкой антенной;Ч0373
1000000980462;Чехол для брелка сигнализации силиконовый Tomahawk TW 9010/9020/9030 с узкой антенной;Ч0376
1000000980479;Чехол для брелка сигнализации силиконовый Tomahawk TW 9010/9020/9030 с узкой антенной;Ч0377
1000000980394;Чехол для брелка сигнализации силиконовый Tomahawk TW 9010/9020/9030 с узкой антенной;Ч0378
1000000980400;Чехол для брелка сигнализации силиконовый Tomahawk TW 9010/9020/9030 с узкой антенной;Ч0375
1000000980417;Чехол для брелка сигнализации силиконовый Tomahawk TW 9010/9020/9030 с узкой антенной;0
1000000987737;Чехол для брелка сигнализации силиконовый Tomahawk Х3 / X5;Ч0403
1000000987751;Чехол для брелка сигнализации силиконовый Tomahawk Х3 / X5;Ч0400
1000000987768;Чехол для брелка сигнализации силиконовый Tomahawk Х3 / X5;Ч0406
1000000987775;Чехол для брелка сигнализации силиконовый Tomahawk Х3 / X5;Ч0408
1000000987720;Чехол для брелка сигнализации силиконовый Tomahawk Х3 / X5;Ч0402
1000000987690;Чехол для брелка сигнализации силиконовый Tomahawk Х3 / X5;Ч0407
1000000987706;Чехол для брелка сигнализации силиконовый Tomahawk Х3 / X5;Ч0404
1000000987744;Чехол для брелка сигнализации силиконовый Tomahawk Х3 / X5;Ч0399
1000000987713;Чехол для брелка сигнализации силиконовый Tomahawk Х3 / X5;Ч0401
1000006526527;Чехол для брелка сигнализации силиконовый Сталкер Lan3;Ч0431
1000006526534;Чехол для брелка сигнализации силиконовый Сталкер Lan3;Ч0429
1000006526541;Чехол для брелка сигнализации силиконовый Сталкер Lan3;Ч0430
1000001340920;Чехол для брелка экокожа красная нить Lada Kalina / Priora (Калина / Приора);Ч0121
1000001340784;Чехол для брелка экокожа красная нить Lada Vesta / X-RAY (Веста / Х-РЕЙ) с пленкой;Ч0120
1000001337456;Чехол для брелка экокожа красная нить плетенка Lada Kalina / Priora (Калина / Приора);Ч0119
1000001337449;Чехол для брелка экокожа красная нить плетенка Lada Vesta/X-RAY;Ч0118
1000017604023;Чехол для брелка экокожа красная нить плетенка без пленки Pandora 3000;Ч0103
1000024596564;Чехол для брелка экокожа красная нить плетенка без пленки Pandora DX-90 / DXL4950;Ч0104
1000001335254;Чехол для брелка экокожа красная нить плетенка без пленки Scher-khan 5/6;Ч0108
1000001335285;Чехол для брелка экокожа красная нить плетенка без пленки Scher-khan 7-12;Ч0109
1000017605723;Чехол для брелка экокожа красная нить плетенка без пленки Scher-khan Logicar 1/2/3/4;Ч0105
1000001336756;Чехол для брелка экокожа красная нить плетенка без пленки Starline A4 / A6 /A9;Ч0110
1000001336886;Чехол для брелка экокожа красная нить плетенка без пленки Starline A62 / A64 /A92/A94;Ч0111
1000001336916;Чехол для брелка экокожа красная нить плетенка без пленки Starline A63 /A93 /A39;Ч0112
1000001336961;Чехол для брелка экокожа красная нить плетенка без пленки Starline B6/B9/A61/A91;Ч0113
1000001336992;Чехол для брелка экокожа красная нить плетенка без пленки Starline B62/B92/B94;Ч0114
1000001337265;Чехол для брелка экокожа красная нить плетенка без пленки Starline E60/E90/E93;Ч0115
1000001337319;Чехол для брелка экокожа красная нить плетенка без пленки Tomahawk TW9010/20/30;Ч0116
1000001337425;Чехол для брелка экокожа красная нить плетенка без пленки Tomahawk TZ9010/20/30;Ч0117
1000017604184;Чехол для брелка экокожа красная нить с защитной пленкой Pandora 3000 (D073);Ч0122
1000001341019;Чехол для брелка экокожа красная нить с защитной пленкой Scher-khan 5/6;Ч0127
1000001341033;Чехол для брелка экокожа красная нить с защитной пленкой Scher-khan 7-12;Ч0128
1000024597608;Чехол для брелка экокожа красная нить с защитной пленкой на Scher-Khan Mobicar 1/2/A/B;Ч0125
1000001341040;Чехол для брелка экокожа красная нить с защитной пленкой на Starline A4/A6/A9;Ч0129
1000001341057;Чехол для брелка экокожа красная нить с защитной пленкой на Starline A62/A64/A92/A94;Ч0130
1000001341125;Чехол для брелка экокожа красная нить с защитной пленкой на Starline A63/A93/A39;Ч0131
1000001341316;Чехол для брелка экокожа красная нить с защитной пленкой на Starline B62/B92/B94;Ч0133
1000001341361;Чехол для брелка экокожа красная нить с защитной пленкой на Starline E60/E90/E93;Ч0134
1000001341408;Чехол для брелка экокожа красная нить с защитной пленкой на Tomahawk TW 9010/20/30;Ч0135
1000001341446;Чехол для брелка экокожа красная нить с защитной пленкой на Tomahawk TZ 9010 /20/30;Ч0136
1000064876596;Чехол для брелока 2 в 1 силиконовый SL A63/A93;Ч0175
1000067163877;Чехол для брелока 2 в 1 силиконовый SL A63/A93;Ч0179
1000064876602;Чехол для брелока 2 в 1 силиконовый SL A63/A93;Ч0176
1000052192370;Чехол для брелока 2 в 1 силиконовый SL B/A61/A91;Ч0001
1000067164034;Чехол для брелока 2 в 1 силиконовый SL B/A61/A91;Ч0184
1000052192394;Чехол для брелока 2 в 1 силиконовый SL B/A61/A91;Ч0003
1000022128422;Чехол для брелока кожа с защитной пленкой на Scher-khan Logicar 1/2/3/4;Ч0124
1000001293622;Чехол для брелока кожа черная Pandora DX-90/D-022;Ч0062
1000003370680;Чехол для брелока кожаный Starline A93 А63 А39 А36 плетенка №508;Ч0004
1000000980295;Чехол для брелока сигнализации Tomahawk TW 9010/9020/9030 силиконовый с широкой антенной;Ч0383
1000000980349;Чехол для брелока сигнализации Tomahawk TW 9010/9020/9030 силиконовый с широкой антенной;Ч0387
1000000980271;Чехол для брелока сигнализации Tomahawk TW 9010/9020/9030 силиконовый с широкой антенной;Ч0385
1000000980288;Чехол для брелока сигнализации Tomahawk TW 9010/9020/9030 силиконовый с широкой антенной;Ч0389
1000000980356;Чехол для брелока сигнализации Tomahawk TW 9010/9020/9030 силиконовый с широкой антенной;Ч0382
1000000980301;Чехол для брелока сигнализации Tomahawk TW 9010/9020/9030 силиконовый с широкой антенной;Ч0384
1000000980325;Чехол для брелока сигнализации Tomahawk TW 9010/9020/9030 силиконовый с широкой антенной;Ч0381
1000000980318;Чехол для брелока сигнализации Tomahawk TW 9010/9020/9030 силиконовый с широкой антенной;Ч0380
1000000980332;Чехол для брелока сигнализации Tomahawk TW 9010/9020/9030 силиконовый с широкой антенной;Ч0386
1000000980264;Чехол для брелока сигнализации Tomahawk TW 9010/9020/9030 силиконовый с широкой антенной;Ч0388
1000000983166;Чехол для брелока сигнализации силиконовый Starline А62/А64/А92/А94;Ч0295
1000000983203;Чехол для брелока сигнализации силиконовый Starline А62/А64/А92/А94;Ч0298
1000000983210;Чехол для брелока сигнализации силиконовый Starline А62/А64/А92/А94;Ч0299
1000000983173;Чехол для брелока сигнализации силиконовый Starline А62/А64/А92/А94;Ч0296
1000000983128;Чехол для брелока сигнализации силиконовый Starline А62/А64/А92/А94;Ч0300
1000000983135;Чехол для брелока сигнализации силиконовый Starline А62/А64/А92/А94;Ч0297
1000000983197;Чехол для брелока сигнализации силиконовый Starline А62/А64/А92/А94;Ч0293
1000000983142;Чехол для брелока сигнализации силиконовый Starline А62/А64/А92/А94;Ч0301
1000000983159;Чехол для брелока сигнализации силиконовый Starline А62/А64/А92/А94;Ч0294
1000000983180;Чехол для брелока сигнализации силиконовый Starline А62/А64/А92/А94;Ч0292
1000043754181;Чехол для выкидного ключа и брелока SHER-KHAN 5/6 2 в 1 кожаный;Ч0484
1000060478510;Чехол для метки StarLine BLE с карабином;Ч0888
1000013135590;Чехол для метки автосигнализации Pandect (Pandora) кожаный;Ч0487
1000013107719;Чехол для метки автосигнализации на BLE Starline i-95 Pandora DX-90bt кожаный;Ч0486
1000013135712;Чехол для метки автосигнализации Сталкер MS-600 кожаный;Ч0488
1000003332701;Чехол для смарт ключа Mazda (948) силиконовый;Ч0832
1000077956803;Чехол из термопластика для пульта ( брелка ) Starline А61/A91;Ч0480
1000077956810;Чехол из термопластика для пульта ( брелка ) Starline А61/A91;Ч0481
1000077954762;Чехол из термопластика для пульта ( брелка ) Starline А63/A93;Ч0476
1000077954779;Чехол из термопластика для пульта ( брелка ) Starline А63/A93;Ч0477
1000043754532;Чехол кожаный для выкидного ключа + брелка STARLINE B/A91 (2в1);Ч0483
1000084285248;Чехол полиуретановый для Lada Vesta, X-Ray;Ч0897
1000084285255;Чехол полиуретановый для Lada Vesta, X-Ray;Ч0898
1000084279209;Чехол полиуретановый для пульта (брелока) Pandora DX90, 91, D010, 022;Ч0905
1000084279216;Чехол полиуретановый для пульта (брелока) Pandora DX90, 91, D010, 022;Ч0906
1000084283398;Чехол полиуретановый для пульта (брелока) Scher-Khan Magicar 5, 6;Ч0899
1000084283404;Чехол полиуретановый для пульта (брелока) Scher-Khan Magicar 5, 6;Ч0900
1000084283947;Чехол полиуретановый для пульта (брелока) Scher-Khan Mobicar 1, 2, A, B;Ч0901
1000084283954;Чехол полиуретановый для пульта (брелока) Scher-Khan Mobicar 1, 2, A, B;Ч0902
1000084279797;Чехол полиуретановый для пульта (брелока) Starline A4, A6, A8, A9;Ч0895
1000084279803;Чехол полиуретановый для пульта (брелока) Starline A4, A6, A8, A9;Ч0896
1000084280403;Чехол полиуретановый для пульта (брелока) Starline E90, E91, E60, E61;Ч0903
1000084280410;Чехол полиуретановый для пульта (брелока) Starline E90, E91, E60, E61;Ч0904
1000003363750;Чехол силиконовый для ключа Lada Kalina Priora (Калина Приора) ;Ч0879
1000003363767;Чехол силиконовый для ключа Lada Kalina Priora (Калина Приора) ;Ч0880
1000003363774;Чехол силиконовый для ключа Lada Kalina Priora (Калина Приора) ;Ч0881
1000003363804;Чехол силиконовый для ключа Lada Kalina Priora (Калина Приора) ;Ч0884
1000003363811;Чехол силиконовый для ключа Lada Kalina Priora (Калина Приора) ;Ч0885
1000003363743;Чехол силиконовый для ключа Lada Kalina Priora (Калина Приора) ;Ч0878
1000003363781;Чехол силиконовый для ключа Lada Kalina Priora (Калина Приора) ;Ч0882
1000003363798;Чехол силиконовый для ключа Lada Kalina Priora (Калина Приора) ;Ч0883
1000003363828;Чехол силиконовый для ключа Lada Kalina Priora (Калина Приора) ;Ч0886
1000000990294;Чехол-брелок для сигнализации от Tomahawk 7.1 9.3 9.5 силиконовый;Ч0353
1000000990300;Чехол-брелок для сигнализации от Tomahawk 7.1 9.3 9.5 силиконовый;Ч0360
1000000990324;Чехол-брелок для сигнализации от Tomahawk 7.1 9.3 9.5 силиконовый;Ч0355
1000000990331;Чехол-брелок для сигнализации от Tomahawk 7.1 9.3 9.5 силиконовый;Ч0351
1000000990348;Чехол-брелок для сигнализации от Tomahawk 7.1 9.3 9.5 силиконовый;Ч0352
1000000990362;Чехол-брелок для сигнализации от Tomahawk 7.1 9.3 9.5 силиконовый;Ч0358
1000000990317;Чехол-брелок для сигнализации от Tomahawk 7.1 9.3 9.5 силиконовый;Ч0354
1000000990263;Чехол-брелок для сигнализации от Tomahawk 7.1 9.3 9.5 силиконовый;Ч0359
1000000990287;Чехол-брелок для сигнализации от Tomahawk 7.1 9.3 9.5 силиконовый;Ч0356
1000007798749;Шлейф для брелка Scher-Khan Magicar 7/8 3 штуки;К219
1000022546516;Шлейф для брелка Scher-Khan Mobicar (ком-т 3шт);К216
1000007798978;Шлейф для брелка StarLine A62 / A92 / B62 / B92 / А93 3 штуки;К217
1000008036895;Шлейф для брелка для StarLine Tomahawk 3 штуки;К218
1000025565613;Штатная подсветка дверей с логотипом Acura № PMC-HD6;Ш001
1000018651071;Штатная подсветка дверей с логотипом Audi №РМС-А1;Ш002
1000025478166;Штатная подсветка дверей с логотипом BMW (все модели) № XD-B1;Ш003
1000025478647;Штатная подсветка дверей с логотипом BMW 5 E39 (99-06)/ X5 E53 (95-02) / Z8 E52 № PMC-B5;Ш004
1000025479460;Штатная подсветка дверей с логотипом Chevrolet Captiva (12-15) № PMC-CVL1;Ш006
1000025559544;Штатная подсветка дверей с логотипом Chevrolet Epica (07-13) № PMC-CVL2;Ш007
1000025559759;Штатная подсветка дверей с логотипом Citroen C4 (13-16) №PMC-XT2;Ш008
1000025560540;Штатная подсветка дверей с логотипом Citroen C5 (10-16) №PMC-XT1;Ш009
1000025560601;Штатная подсветка дверей с логотипом Ford Mondeo (07-13) / C-Max (07-08) № PMC-FD1;Ш010
1000033673584;Штатная подсветка дверей с логотипом Geely Emgrand EC7 (14-15) №PMC-DH2;Ш012
1000025561448;Штатная подсветка дверей с логотипом Geely Emgrand EC8 (11-15) / EV8 (2009+) № PMC-DH1;Ш013
1000025564296;Штатная подсветка дверей с логотипом Honda Accord (11-16) № PMC-HD1;Ш015
1000025564517;Штатная подсветка дверей с логотипом Honda Accord 9 (14-16) № PMC-HD4;Ш016
1000025565965;Штатная подсветка дверей с логотипом Honda Spirior / UR-V / Avancier № PMC-HD7;0
1000025566658;Штатная подсветка дверей с логотипом Hyundai Elantra (08-15) №PMC-N2;Ш018
1000025567266;Штатная подсветка дверей с логотипом Hyundai Santa Fe (13-15)  №PMC-N3;Ш019
1000025567402;Штатная подсветка дверей с логотипом Hyundai Sonata 8 (10-14)  №PMC-N1;Ш020
1000025569543;Штатная подсветка дверей с логотипом Infiniti FX / G / Q / M / EX / QX № PMC-IF;Ш022
1000025569727;Штатная подсветка дверей с логотипом Infiniti QX 60 (14-16) / JX 35 (2013+) № PMC-IF2;Ш023
1000025570808;Штатная подсветка дверей с логотипом Jaguar XE(15-17) / F-TYPE(13-16) № PMC-JA1;0
1000033673829;Штатная подсветка дверей с логотипом Kia Cerato (05-16) № PMC-KA2;Ш026
1000025571256;Штатная подсветка дверей с логотипом Kia Optima (11-15) № PMC-KA1;Ш027
1000033673928;Штатная подсветка дверей с логотипом Kia Sorento (2014+) № PMC-KA3;0
1000025586717;Штатная подсветка дверей с логотипом Land Rover Range/Freelander2/Evoque/Discovery №PMC-L1;Ш029
1000025586892;Штатная подсветка дверей с логотипом Lexus LS / ES / IS / LX / RX / GS / GX № PMC-LX;Ш030
1000025603872;Штатная подсветка дверей с логотипом Mazda 6 (02-12) № PMC-M1;Ш031
1000025604473;Штатная подсветка дверей с логотипом Mazda 6 (13-20) № PMC-M2;Ш032
1000025604930;Штатная подсветка дверей с логотипом Mazda CX-9 (07-15) № PMC-M3;Ш033
1000025605036;Штатная подсветка дверей с логотипом Mercedes - Benz C (W204) 200/230/260/280/300 №PMC-BZ5;Ш034
1000025605135;Штатная подсветка дверей с логотипом Mercedes - Benz C / CLK / SLK / SLR  №PMC-BZ6;Ш035
1000025605739;Штатная подсветка дверей с логотипом Mercedes - Benz CLA (2013+/CLS C218 (2010+) №PMC-BZ10;Ш036
1000025607511;Штатная подсветка дверей с логотипом Mercedes - Benz GLA / GLS / GLE / GLC/GL/C/A №PMC-BZ2;Ш037
1000025607566;Штатная подсветка дверей с логотипом Mercedes - Benz GLK (08-16) / A W169 /B W245 №PMC-BZ3;Ш038
1000025607696;Штатная подсветка дверей с логотипом Mercedes - Benz R(W215) / ML(W164) /GL(X164) №PMC-BZ4;Ш039
1000025608204;Штатная подсветка дверей с логотипом Mercedes - Benz S W221 (08-13) № PMC-BZ1;Ш040
1000025611501;Штатная подсветка дверей с логотипом Mercedes - Benz W210 / Sprinter  №PMC-BZ7;Ш042
1000047677332;Штатная подсветка дверей с логотипом Mercedes-Benz S W222 /S Maybach /Vito W635 №PMC-BZ8;Ш041
1000025660288;Штатная подсветка дверей с логотипом Mitsubishi Pajero (08-16) №PMC-PJL;Ш043
1000025661094;Штатная подсветка дверей с логотипом Nissan Patrol (12-17) / Teana J32(2008-14) PMC-NS2;Ш046
1000025660578;Штатная подсветка дверей с логотипом Nissan Teana J31 (2003-2008) PMC-NS3;Ш045
1000025660349;Штатная подсветка дверей с логотипом Nissan Teana L33 (2014+) PMC-NS;Ш044
1000025661209;Штатная подсветка дверей с логотипом Opel Antara (08-13) №PMC-OP2;Ш047
1000025661346;Штатная подсветка дверей с логотипом Opel Insignia №PMC-OP1;Ш048
1000025661735;Штатная подсветка дверей с логотипом Peugeot 407 (09-10) №PMC-PE2;Ш049
1000025661728;Штатная подсветка дверей с логотипом Peugeot 408 (11-16) / 508 (10-16) №PMC-PE1;Ш050
1000025661834;Штатная подсветка дверей с логотипом Porsche Cayenne (03-09)  № PMC-C2;Ш051
1000025661902;Штатная подсветка дверей с логотипом Porsche Cayenne (11-15) / Macan (14-16) № PMC-C1;Ш052
1000025661971;Штатная подсветка дверей с логотипом Porsche Panamera (10-16) № PMC-C5;Ш053
1000025662817;Штатная подсветка дверей с логотипом Renault Koleos (09-15) № PMC-LN1;Ш054
1000025662893;Штатная подсветка дверей с логотипом Renault Koleos/Megane/Laguna/Talisman № PMC-LN2;Ш055
1000025664231;Штатная подсветка дверей с логотипом Skoda Octavia (07-12) № PMC-S3;Ш056
1000025664439;Штатная подсветка дверей с логотипом Skoda Superb (09-16) № PMC-S1;Ш057
1000025664569;Штатная подсветка дверей с логотипом Subaru BRZ №PMC-SB2;Ш058
1000025664743;Штатная подсветка дверей с логотипом Subaru Forester/Outback/Legasy/XV/Impreza №PMC-SB1;Ш059
1000025664934;Штатная подсветка дверей с логотипом Toyota (Все модели) №PMC-TY1;Ш060
1000025664996;Штатная подсветка дверей с логотипом Volkswagen Golf / Touran / Bora / Caddy № PMC-V6;Ш061
1000025665122;Штатная подсветка дверей с логотипом Volkswagen Tiguan/ Touareg/Passat/Golf/Touran №PMC-V1;Ш062
1000025665214;Штатная подсветка дверей с логотипом Volkswagen Touareg (04-10) / Passat (98-10) №PMC-V3;Ш063
1000025665344;Штатная подсветка дверей с логотипом Volvo S60/S80/V40/V60/XC60/XC90 № PMC-VO;Ш064
